SymName,TotalAmountIn,TotalAmountOut,TotalTrades,profit
MARPS,285674.27999999997,299619.89999999997,143,13945.619999999995
MBNKP,5940.879999999999,5794.98,3,-145.89999999999964
HWCPZ,19875.08,19514.17,10,-360.9100000000035
TANNZ,1992.38,1999.33,1,6.949999999999818
NSS,5949.8099999999995,5886.28,3,-63.529999999999745
ET-PC,13920.880000000001,13950.770000000002,7,29.890000000001237
ET-PE,15921.630000000001,15939.380000000001,8,17.75
NRUC,13892.37,13647.779999999999,7,-244.59000000000196
STZ,22962.769999999997,23032.91,12,70.14000000000306
SJT,205763.24999999994,216398.01000000004,103,10634.760000000097
BPT,93671.28000000001,100659.64,47,6988.359999999986
CVLT,57229.17,58680.560000000005,29,1451.3900000000067
FISI,47700.57,47765.6,24,65.02999999999884
TWND-UN,13976.72,14081.48,7,104.76000000000022
STZ-B,22576.03,23454.96,12,878.9300000000003
PFBC,43340.73,44297.58000000001,22,956.8500000000058
IBOC,91185.00000000001,93473.06000000001,46,2288.0599999999977
OCUP,75948.03,77199.12999999999,38,1251.0999999999913
OPHC,41964.39,42325.14,21,360.75
TIPT,39882.04,40578.86,20,696.8199999999997
CRT,193464.50000000003,200642.73999999996,97,7178.2399999999325
IHG,59045.6,60320.93,30,1275.3300000000017
ABNB,65948.07999999999,66447.93,34,499.8500000000058
AA,126536.94,131038.09,64,4501.149999999994
EQNR,87405.02,90114.95000000001,44,2709.9300000000076
PRG,194181.13,200021.16,98,5840.029999999999
OTIS,53298.12,55220.96,27,1922.8399999999965
DQ,262859.46,274207.98,133,11348.51999999996
TPL,141071.26,146449.02000000002,95,5377.760000000009
PMVC,1997.52,1930.43,1,-67.08999999999992
MED,175313.53999999998,180427.43000000002,91,5113.890000000043
ASTL,57904.979999999996,58101.85,29,196.87000000000262
MCK,75211.93,79237.48999999999,39,4025.5599999999977
TVC,11894.58,11697.54,6,-197.03999999999905
ISIG,89770.95,92796.06999999999,45,3025.1199999999953
YALA,77918.73999999999,79226.37000000001,39,1307.6300000000192
AMP,96273.11,99641.93,51,3368.8199999999924
MCO,44576.76,45283.11,24,706.3499999999985
PJT,114510.13,117960.06000000001,58,3449.9300000000076
LOMA,37943.56,38873.39,19,929.8300000000017
CORT,169278.55000000005,173949.49999999997,85,4670.949999999924
BKNG,65578.97,68371.79,66,2792.8199999999924
ALTUU,1993.71,1958.82,1,-34.8900000000001
QIWI,49892.02,49726.4,25,-165.61999999999534
BWFG,19814.61,19820.14,10,5.529999999998836
KWAC,3999.5,4023.59,2,24.090000000000146
VOC,95875.69,101558.31,48,5682.619999999995
GPRK,129481.0,133230.02,65,3749.0199999999895
EXPD,82218.29000000001,84333.24999999999,42,2114.9599999999773
ABC,60410.689999999995,62520.439999999995,31,2109.75
SQM,149703.19999999998,154188.22,76,4485.020000000019
AMR,119223.48999999999,130207.37999999998,61,10983.889999999985
AEL,35714.189999999995,36793.42999999999,18,1079.239999999998
FLR,41740.70999999999,43210.46,21,1469.7500000000073
NVR,0.0,0.0,58,0.0
EEX,75946.81,77767.89000000001,38,1821.0800000000163
VRTX,81542.59999999998,83825.8,43,2283.200000000026
JFIN,57971.64000000001,60569.39000000001,29,2597.75
UEIC,170228.22,173490.81,86,3262.5899999999965
EQH,39664.89,39839.969999999994,20,175.07999999999447
HPQ,63423.41,65069.61,32,1646.199999999997
MRVI,134846.98,138010.72999999998,68,3163.749999999971
ERF,95771.44,102549.85999999999,48,6778.419999999984
BKE,204610.79,209794.34999999998,103,5183.559999999969
RHI,120084.72,122755.61,61,2670.8899999999994
VGR,143544.97999999998,147862.0,72,4317.020000000019
GNE,159701.33000000002,164131.84,80,4430.50999999998
GNE-PA,25960.27,26973.3,13,1013.0299999999988
ZYME,85830.39,89461.23999999999,43,3630.8499999999913
HSII,65459.19,66032.16,33,572.9700000000012
MOH,119762.59999999999,124436.08,63,4673.4800000000105
SWBI,103596.06,104963.65000000001,52,1367.590000000011
DDT,11939.130000000001,11703.4,6,-235.73000000000138
BHP,116184.96000000002,119016.11,59,2831.1499999999796
OFLX,171095.42,175819.18,88,4723.75999999998
BSIG,143576.03999999998,148890.24,72,5314.200000000012
USNA,149185.85,150442.57999999996,76,1256.7299999999523
IRMD,158872.89,161427.19,80,2554.2999999999884
WIRE,77699.06,81032.98999999999,40,3333.929999999993
FIZZ,160033.96999999997,165937.66000000003,81,5903.6900000000605
EPSN,117855.69,119799.62,59,1943.929999999993
MLACW,31997.68,33122.08,16,1124.4000000000015
YUM,62711.25,64749.44,32,2038.1900000000023
HLI,82467.57,85363.93000000001,42,2896.3600000000006
FINW,49863.600000000006,50506.98,25,643.3799999999974
DDS,73104.32,74475.68,39,1371.359999999986
ASML,124625.34000000001,129589.14,70,4963.799999999988
HCC,139058.57,143840.77000000002,70,4782.200000000012
EXPO,82249.79,84879.74,42,2629.9500000000116
NBN,103465.27000000002,107551.48,52,4086.2099999999773
LSTR,98476.78,99967.42,51,1490.6399999999994
HYW,65887.62999999999,65994.09999999999,33,106.47000000000116
SAMG,163433.31999999998,166504.73,82,3071.4100000000326
APA,117118.93999999999,122551.23000000001,59,5432.290000000023
DMLP,59575.53,62005.68,30,2430.1500000000015
IDT,99102.64,103728.34000000001,50,4625.700000000012
VIAV,111616.99,114145.82,56,2528.8300000000017
DPZ,101110.5,103282.12000000001,55,2171.62000000001
AAPL,100226.93999999999,104357.58,52,4130.640000000014
AMPY,75881.23,79972.92000000001,38,4091.690000000017
ATKR,173510.62,182028.68,88,8518.059999999998
ADP,61130.98,63597.259999999995,32,2466.2799999999916
CCOI,102121.29999999999,103764.98000000001,52,1643.6800000000221
BBY,137019.56,142173.55000000002,70,5153.99000000002
VLO,40812.51,42937.18,21,2124.6699999999983
NRC,126358.39000000001,128455.93,64,2097.539999999979
PBF,51628.509999999995,56563.29,26,4934.780000000006
DOOO,157706.3,165449.38,80,7743.080000000016
AVID,213126.06999999998,222744.12,107,9618.050000000017
BIPC,64936.01,65540.83,33,604.8199999999997
WSM,174575.24,179165.61,90,4590.369999999995
APAM,130878.62,135851.54,66,4972.920000000013
SFBS,47462.72,48152.380000000005,24,689.6600000000035
IRWD,103705.62999999999,105010.78,52,1305.1500000000087
MLI,122825.91999999998,127497.19,62,4671.270000000019
GRVY,253173.34000000003,260900.2,129,7726.859999999986
ZIM,142585.46,148919.71999999997,72,6334.25999999998
LPRO,145199.52,146520.4,73,1320.8800000000047
SWN,65904.51,68578.42000000001,33,2673.910000000018
EQH-PC,25889.65,25794.17,13,-95.4800000000032
EQH-PA,27812.61,27506.199999999997,14,-306.4100000000035
LOGI,122021.79000000002,126260.79999999997,62,4239.009999999951
HCKT,101609.18999999999,104536.58,51,2927.390000000014
CASH,115019.95999999999,119532.08000000002,58,4512.120000000024
PNT,61883.03999999999,66048.79000000001,31,4165.750000000015
MPX,199425.85000000003,204274.74,100,4848.889999999956
PFG,27428.039999999997,28372.629999999997,14,944.5900000000001
TGLS,165431.89,174294.53,83,8862.639999999985
EWBC,154222.73,158594.69000000003,78,4371.960000000021
NLOK,71591.90000000001,73677.1,36,2085.199999999997
EGY,145849.94999999998,151842.61999999997,73,5992.669999999984
LRCX,148956.28999999998,155030.40000000002,82,6074.110000000044
LULU,132659.36,137757.93,71,5098.570000000007
HLNE,141596.09999999998,144999.5,72,3403.4000000000233
BBWI,96944.04000000001,99049.66,49,2105.6199999999953
KLIC,148463.70000000004,152612.68999999997,75,4148.9899999999325
EOG,80171.63999999998,83888.34999999999,41,3716.7100000000064
BBSI,125877.33,129332.35,64,3455.020000000004
OFG,51706.2,52939.39000000001,26,1233.1900000000096
SSBI,81752.69,84103.92000000001,41,2351.2300000000105
ARLP,37817.72,39996.27,19,2178.5499999999956
DFS,143348.88,148800.17,73,5451.290000000008
ARL,49755.08,52912.43,25,3157.3499999999985
COP,96360.72,100218.21,49,3857.4900000000052
CRC,51550.38,52232.72,26,682.3400000000038
SRTS,125755.86999999998,130857.19,63,5101.3200000000215
HD,71898.73000000003,74967.81999999999,38,3069.0899999999674
PBR,129629.74,132698.22,65,3068.479999999996
PBR-A,135583.47000000003,139220.26,68,3636.789999999979
YRD,237696.84000000003,243310.39999999994,119,5613.55999999991
DX-PC,35843.46,36878.58,18,1035.1200000000026
LC,83677.99999999999,84265.98,42,587.9800000000105
MTD,70065.47999999998,73010.14,50,2944.660000000018
KFS,15971.6,16654.92,8,683.3199999999979
FICO,111859.40000000002,116628.39000000001,62,4768.989999999991
ORLY,64008.869999999995,67085.4,36,3076.529999999999
HRB,59644.03999999999,62649.62,30,3005.580000000009
ACN,75152.95999999999,78037.92,40,2884.9600000000064
OPFI,141840.47000000003,143206.53999999998,71,1366.0699999999488
EVOJW,25997.77,26489.09,13,491.3199999999997
ODFL,104985.43,108931.53,56,3946.100000000006
ARCH,134505.37,139819.82,69,5314.450000000012
CL,49032.03999999999,49815.159999999996,25,783.1200000000026
BBVA,123870.44999999998,127428.24999999999,62,3557.800000000003
ICL,93790.48,96014.19,47,2223.7100000000064
LOW,104079.05999999998,107534.9,54,3455.840000000011
PUMP,119647.36,123439.86,60,3792.5
HDSN,123831.86,132421.11000000002,62,8589.250000000015
UMBF,47067.09,47147.479999999996,24,80.38999999999942
DKS,121395.69,125371.93,62,3976.2399999999907
PAYX,76211.37999999999,78723.34,39,2511.9600000000064
CLBT,71896.51,73201.80000000002,36,1305.2900000000227
NRP,65497.12,69312.06,33,3814.939999999995
RLI,84029.94,86637.57999999999,43,2607.639999999985
CRGY,65701.67,66976.54999999999,33,1274.87999999999
HLF,164368.87999999998,166264.86,83,1895.9800000000105
SBSW,185399.16000000003,192430.97,93,7031.809999999969
VET,61674.65,64795.92,31,3121.269999999997
PAYC,167272.31999999998,173240.83000000002,90,5968.510000000038
ROST,97776.75,99806.67000000001,50,2029.9200000000128
NUE,85249.8,89105.77999999998,44,3855.9799999999814
MAS,114543.73000000001,117363.20000000001,58,2819.470000000001
DVN,43313.40000000001,45664.76,22,2351.3599999999933
IFS,150992.94000000003,153878.63,76,2885.689999999973
MRNA,135506.91999999998,142254.18000000002,71,6747.260000000038
MTB,46118.64,46891.25,24,772.6100000000006
IMXI,137528.69999999998,140641.29,69,3112.5900000000256
PKE,111609.86,113499.73,56,1889.8699999999953
MHK,56117.479999999996,56267.28,29,149.8000000000029
WAT,93256.08000000002,95473.09000000001,50,2217.0099999999948
IDXX,102523.78,106546.33,57,4022.550000000003
INCY,76677.15,78429.23999999999,39,1752.0899999999965
CCRD,182554.06,190561.46,92,8007.399999999994
MCFT,117298.48,120665.27,59,3366.790000000008
EVR,135283.13,139916.3,69,4633.169999999984
AMSWA,47809.17,47464.23,24,-344.93999999999505
INFY,93631.24999999997,96845.10999999999,47,3213.860000000015
IIIN,79373.73,82487.84,40,3114.1100000000006
PLCE,226915.61000000002,232946.21999999997,115,6030.609999999957
VIST,117823.88,123514.69999999998,59,5690.819999999978
UMC,153722.30000000002,157687.55000000005,77,3965.250000000029
BAM,31628.39,32216.410000000003,16,588.0200000000041
PEBK,23871.27,23995.230000000003,12,123.96000000000276
MKTX,116685.10999999999,119481.18,65,2796.070000000007
HSON,103255.86,107348.02,52,4092.1600000000035
QCOM,137445.03,141591.06999999998,71,4146.039999999979
WABC,74879.91000000002,75558.68000000001,38,678.7699999999895
GROW,51943.72,51838.630000000005,26,-105.08999999999651
LOB,73191.32,73036.20000000001,37,-155.11999999999534
KLAC,151199.97,156216.14,81,5016.170000000013
FCX,154978.48,161314.72000000003,78,6336.24000000002
MO,69174.03,70358.56999999999,35,1184.5399999999936
TSLA,118123.71999999997,123750.78999999998,71,5627.070000000007
TCI,27818.01,28382.28,14,564.2700000000004
ULTA,121250.85000000002,125991.92,65,4741.069999999978
STEP,107122.03999999998,109611.77,54,2489.730000000025
AMAT,154535.54,160528.09999999998,79,5992.559999999969
GWW,86703.68,89239.59,47,2535.9100000000035
TXN,94233.82999999999,96001.26999999999,49,1767.4400000000023
PAGS,250196.42,258949.86999999997,126,8753.449999999953
KEN,81169.32,83116.94,41,1947.6199999999953
ITRN,155216.27999999997,157171.7,78,1955.420000000042
TER,156255.48,161707.05,80,5451.569999999978
SELB,107959.93,110072.06000000001,54,2112.130000000019
RVLV,249738.11000000002,258517.96999999997,126,8779.859999999957
ITUB,39957.79,41305.81,20,1348.0199999999968
AX,79315.73000000001,80479.05,40,1163.3199999999924
ARHS,77846.49999999999,79598.16999999998,39,1751.6699999999983
SLVM,53631.009999999995,57621.96000000001,27,3990.9500000000116
AMX,33836.54,34106.11,17,269.5699999999997
MSCI,103503.68000000001,107639.48999999999,57,4135.809999999983
VIPS,237188.15,245442.41999999995,119,8254.26999999996
SCCO,136356.52,140591.34999999998,69,4234.829999999987
UFPI,141892.55,146920.47000000003,72,5027.920000000042
CIVI,51104.90000000001,53340.63,26,2235.7299999999886
DEN,100433.92,104838.24,51,4404.320000000007
V,72378.78000000001,74620.67,38,2241.889999999985
MPC,29151.919999999995,30682.52999999999,15,1530.609999999997
INMD,234002.54,245204.64,118,11202.100000000006
ADBE,101499.28,105156.63,56,3657.350000000006
RYI,115352.55999999998,121728.99999999999,58,6376.440000000002
OMAB,132273.5,136489.45,67,4215.950000000012
RGEN,57398.23999999999,58845.26000000001,30,1447.0200000000186
OMC,109994.73,111989.17000000001,56,1994.4400000000169
WHD,166652.83000000002,171003.62,84,4350.789999999979
KFY,124501.69,128589.51000000002,63,4087.8200000000215
CBSH,76954.24999999999,78489.63000000002,39,1535.3800000000338
LYV,46816.270000000004,46711.6,24,-104.67000000000553
FTDR,142591.13,145187.71000000002,72,2596.5800000000163
IT,43033.149999999994,45558.96,23,2525.810000000005
TJX,84822.60999999999,86757.43999999999,43,1934.8300000000017
VNOM,41665.1,43605.97,21,1940.8700000000026
SGHC,105862.02000000002,107002.08,53,1140.0599999999831
FAST,81053.93,83556.15,41,2502.220000000001
AB,122939.69,126400.23999999999,62,3460.5499999999884
EQT,51432.63999999999,54395.9,26,2963.2600000000093
SCPL,173322.88,178513.48,87,5190.600000000006
DB,85771.02,87636.16,43,1865.1399999999994
COKE,99738.19,103307.85999999999,54,3569.6699999999837
FXNC,43837.979999999996,43998.469999999994,22,160.48999999999796
RIO,121989.96,125339.89000000001,62,3349.9300000000076
MBUU,193515.15,199439.63999999998,98,5924.489999999991
ITOS,69518.70999999999,70173.5,35,654.7900000000081
TSM,123898.8,127332.05,63,3433.25
CDNS,99353.49,102336.40999999999,51,2982.9199999999837
CPRT,95708.95999999999,101653.96,49,5945.000000000015
RGR,114329.72,117088.32,58,2758.600000000006
EAF,233436.46000000002,238864.29000000004,117,5427.830000000016
TGT,93912.42000000001,97409.84,49,3497.4199999999837
WU,111474.86,112809.33,56,1334.4700000000012
CLFD,114627.68999999999,121783.85,58,7156.160000000018
WGO,126320.1,130417.45,64,4097.349999999991
PM,78457.8,80403.59000000001,40,1945.7900000000081
CRVL,112907.51999999999,116860.22999999998,58,3952.709999999992
PXD,71897.83,74861.19999999998,38,2963.369999999981
SBUX,91580.43,94264.73000000001,47,2684.3000000000175
QFIN,314722.64,324701.75,158,9979.109999999986
AMN,83604.23,86838.53,43,3234.300000000003
WFG,143861.39,149080.95,73,5219.559999999998
SCVL,184957.42,187481.06,93,2523.639999999985
PRPH,135723.59999999998,140915.1,68,5191.500000000029
RPRX,71219.73000000001,72356.78,36,1137.0499999999884
RJF,107806.51,111849.73999999998,55,4043.2299999999814
POOL,99227.11000000002,102772.02999999998,54,3544.919999999969
ITW,76357.01,78653.81,40,2296.800000000003
CPAC,87866.21,88158.98,44,292.7699999999895
DX,85693.09999999998,87758.20999999999,43,2065.110000000015
SM,59457.27999999999,61921.8,30,2464.5200000000114
RH,172344.88,181569.43000000002,93,9224.550000000017
CTRA,161104.18000000002,164546.06999999998,81,3441.8899999999558
TMST,121526.01000000001,126811.18000000001,61,5285.169999999998
SMBK,35784.6,36504.45,18,719.8499999999985
WSO,109159.30999999998,110769.90000000001,58,1610.5900000000256
JPM-PM,25918.88,25597.050000000003,13,-321.8299999999981
CARG,168942.99999999997,173388.08,85,4445.080000000016
SIG,74785.23000000001,75995.86,38,1210.62999999999
METC,205553.17,215027.52000000005,103,9474.350000000035
VSTO,95094.69,97354.16,48,2259.470000000001
EPAM,133880.83,141503.29,73,7622.460000000021
MPWR,132938.9,137351.3,72,4412.399999999994
PAC,151912.17,156597.67,78,4685.5
CHH,56310.75999999999,58389.54,29,2078.7800000000134
CGNX,76700.31,77429.36000000002,39,729.0500000000175
FORTY,145210.24,149093.90000000002,74,3883.6600000000326
AXP,112109.36,114665.55000000002,58,2556.190000000017
ACLS,114298.81999999999,119452.91999999998,58,5154.099999999991
CCSI,69090.18999999999,70775.3,35,1685.1100000000151
CHRW,86189.14,88049.22000000002,44,1860.0800000000163
MUSA,92572.38,96790.40000000001,48,4218.020000000004
MSFT,90759.14,93304.98,48,2545.8399999999965
PKBK,117503.01,120894.48999999999,59,3391.479999999996
ETD,73569.76000000001,75619.15000000001,37,2049.3899999999994
DVAX,127676.12,134771.3,64,7095.179999999993
GMAB,107078.66999999998,112013.62999999999,54,4934.960000000006
UPS,65230.369999999995,66674.40999999999,34,1444.0399999999936
ASR,72384.16,74611.43000000001,38,2227.270000000004
KTB,136577.17,138040.19999999998,69,1463.0299999999697
FBP,39860.85999999999,40447.850000000006,20,586.9900000000125
ROL,101193.88,103012.79999999999,51,1818.9199999999837
ATEN,99737.68000000001,103424.83,50,3687.149999999994
GATEW,93995.33,107859.14000000001,47,13863.810000000012
LMT,63400.490000000005,65616.64,35,2216.149999999994
TREX,167362.72000000003,173590.45,85,6227.729999999981
LESL,119453.97,121880.87000000001,60,2426.9000000000087
REX,55249.05,56133.56,28,884.5099999999948
SHEL,69192.26,70850.17000000001,35,1657.910000000018
VALE,133558.94,138208.93,67,4649.989999999991
PHM,144516.52999999997,149176.93,73,4660.400000000023
VC,138415.71999999997,144158.22999999998,71,5742.510000000009
EL,114783.45,117447.64000000003,61,2664.1900000000314
TROW,106272.54000000001,108894.51000000001,55,2621.970000000001
TALO,57731.22,61733.740000000005,29,4002.520000000004
GGG,80885.06999999999,83168.56999999999,41,2283.5
ESEA,157175.27000000002,164869.20999999996,79,7693.939999999944
CVE,47777.25,50277.83,24,2500.5800000000017
DHI,141665.09,146461.95,72,4796.860000000015
AON,60301.64,62522.89,32,2221.25
CIB,33715.45,34551.43,17,835.9800000000032
XPEL,235835.20000000007,247263.12999999998,119,11427.929999999906
SYF,95152.84,97724.87,48,2572.029999999999
RO.SW,52148.2,53620.47000000001,28,1472.2700000000114
ESTE,155597.61,161447.46000000002,78,5849.850000000035
CVX,40507.15,43080.09999999999,21,2572.94999999999
OLN,83068.22,86565.47,42,3497.25
IMTX,57874.75000000001,58832.87,29,958.1199999999953
HZO,164651.78999999998,171692.76,83,7040.97000000003
SFB,29820.31,30422.799999999996,15,602.4899999999943
CMA,58758.01,59343.73000000001,30,585.7200000000084
SIRI,97848.70999999999,99128.06,49,1279.3500000000058
ANET,125535.99999999999,130620.84999999999,66,5084.850000000006
UBFO,17969.280000000002,17764.57,9,-204.71000000000276
WST,90178.11,94492.19,49,4314.080000000002
GGB,163822.84999999998,168363.69999999998,82,4540.850000000006
WFRD,49648.18,52675.81,25,3027.6299999999974
MAR,38372.0,39038.61,20,666.6100000000006
AXR,49841.95999999999,51021.71,25,1179.7500000000073
SCHW,100619.3,102969.12999999999,51,2349.829999999987
SCHW-PD,17899.39,17717.39,9,-182.0
SCHW-PJ,23857.11,23783.960000000003,12,-73.14999999999782
JPM-PC,21854.57,21995.539999999997,11,140.96999999999753
JPM-PJ,35820.62,35832.380000000005,18,11.760000000002037
JPM-PL,23879.28,23608.96,12,-270.3199999999997
COST,59636.55000000001,61926.0,33,2289.44999999999
RILYM,27848.279999999995,28970.93,14,1122.650000000005
TCBX,25828.4,25811.170000000002,13,-17.229999999999563
FIGS,93710.39999999998,95047.58,47,1337.1800000000221
ASO,104975.04,108612.05,53,3637.0100000000093
LEN,74252.29999999999,76181.79999999999,38,1929.5
XOM,31041.5,32539.629999999997,16,1498.1299999999974
VSH,103521.05999999998,105232.56,52,1711.5000000000146
SNRHW,63995.369999999995,62925.07,32,-1070.2999999999956
ZYXI,239278.22999999998,250689.38,120,11411.150000000023
ZTS,82362.45,84624.62000000001,43,2262.170000000013
HVT,147116.44,151080.66999999995,74,3964.2299999999523
CSCO,80974.77,82863.95000000001,41,1889.1800000000076
BOTJ,111658.84,113563.18,56,1904.3399999999965
PSX,52798.32,54947.95999999999,27,2149.639999999992
UTMD,117339.22,119249.83,60,1910.6100000000006
HES,78106.23999999999,81780.66,40,3674.420000000013
KMB,52109.88999999999,53357.60999999999,27,1247.7200000000012
STM,85159.96,86776.34000000001,43,1616.3800000000047
SYF-PA,35847.07,35423.979999999996,18,-423.0900000000038
CMC,127218.4,130891.07,64,3672.670000000013
X,127327.45,131818.41999999998,64,4490.969999999987
MTH,140709.09999999998,145756.46999999997,72,5047.369999999995
EEFT,93076.86,95108.01999999999,48,2031.159999999989
HOVNP,89766.52,93706.70000000001,45,3940.1800000000076
JBL,134833.46999999997,139877.43000000002,68,5043.96000000005
DEO,69292.51999999999,70702.2,36,1409.6800000000076
CVLY,35807.880000000005,35934.23,18,126.34999999999854
COWNL,27833.460000000006,28862.83,14,1029.3699999999953
THO,93698.42,95692.25,48,1993.8300000000017
HLT,71525.72,73690.91,37,2165.1900000000023
MXL,78921.73,79133.75,40,212.02000000000407
LSCC,116296.57000000002,119335.89999999998,59,3039.329999999958
FANG,93470.59,97569.81000000001,48,4099.220000000016
STX,151541.09000000003,154887.65,77,3346.5599999999686
BF-A,82761.38,84627.15000000001,42,1865.770000000004
BF-B,86735.56999999999,88643.51,44,1907.9400000000023
CBT,86801.45,89411.63,44,2610.1800000000076
SEE,108909.72000000002,111632.83,55,2723.109999999986
RACE,89131.67000000001,91577.87,47,2446.1999999999825
FWRD,74182.50000000001,76459.38999999998,38,2276.8899999999703
ALGN,119771.16000000002,122793.94,66,3022.7799999999843
EXK,83926.29,85864.93999999999,42,1938.6499999999942
CNQ,33584.52,35406.700000000004,17,1822.1800000000076
ABMD,146536.38,150427.69,79,3891.3099999999977
EME,91698.26,95818.53000000001,47,4120.270000000019
CPSH,77941.81999999999,80719.87999999999,39,2778.0599999999977
TBCPW,47993.92,47184.64,24,-809.2799999999988
CHKP,71528.98999999999,73103.38000000002,37,1574.3900000000285
SSTK,133860.11999999997,137398.74,68,3538.6200000000244
HOLX,74825.11999999998,77162.51999999999,38,2337.4000000000087
TECTP,5989.48,6352.44,3,362.96000000000004
AGCO,121080.62999999999,126787.23,62,5706.600000000006
KEYS,120409.51999999999,123572.9,62,3163.3800000000047
SU,37713.42,39550.74,19,1837.3199999999997
DCI,96883.8,98665.41999999998,49,1781.6199999999808
ARCB,96085.65,99571.26999999999,49,3485.6199999999953
AKO-B,189314.72999999998,190258.85,95,944.1200000000244
AKO-A,169528.68,170496.71,85,968.0299999999988
MNST,82650.21999999999,88564.16,42,5913.940000000017
AR,53503.89,56620.530000000006,27,3116.6400000000067
SLM,121638.56,125992.03,61,4353.470000000001
ERIE,17322.2,18294.2,9,972.0
MCB,70702.78,71989.96999999999,36,1287.1899999999878
CHSCP,19885.63,19984.66,10,99.02999999999884
CHSCL,13921.519999999999,13797.41,7,-124.10999999999876
DFH,119510.45999999998,121286.31,60,1775.8500000000204
NVEC,145616.64,147838.50999999998,74,2221.8699999999662
WDFC,98193.7,99955.7,52,1762.0
AVAL,49966.18,49251.030000000006,25,-715.1499999999942
RCII,146729.75999999998,151938.22,74,5208.460000000021
YETI,169832.04999999996,175750.40999999997,86,5918.360000000015
CTRN,187633.03,192579.18,95,4946.149999999994
ORCL,84452.26999999999,86788.87999999999,43,2336.6100000000006
CVCO,163867.36,169384.21999999997,86,5516.859999999986
EW,112653.63,115514.04999999999,58,2860.4199999999837
BRKR,118418.62,122453.75000000001,60,4035.130000000019
SSD,107535.70999999999,111503.46999999999,55,3967.7599999999948
ABCL,183021.59,185451.51000000004,92,2429.920000000042
CROX,202705.99000000002,211892.43000000002,103,9186.440000000002
WB,235540.20999999996,238836.93999999997,119,3296.7300000000105
TWI,55828.32000000001,58361.37000000001,28,2533.050000000003
PDD,86770.4,91188.47000000002,44,4418.0700000000215
SHLS,89566.1,94302.48999999999,45,4736.389999999985
MSI,72543.0,75871.91999999998,38,3328.9199999999837
ZUMZ,210338.44000000003,215594.05,106,5255.609999999957
DIOD,125904.73000000001,129162.77000000002,64,3258.040000000008
MOS,55328.25,56945.86,28,1617.6100000000006
LND,143811.84,146433.81,72,2621.970000000001
PFE,57222.78999999999,58730.77999999999,29,1507.989999999998
PLTK,117473.09,118182.21999999999,59,709.1299999999901
DLHC,95661.06,97498.06,48,1837.0
WTS,89398.05999999997,92577.19000000002,46,3179.1300000000483
FCBC,39717.97000000001,39612.87,20,-105.10000000000582
FINV,293685.75,304029.43,147,10343.679999999993
GOOGL,46828.51000000001,47905.07,52,1076.5599999999904
GOOG,48831.1,50092.009999999995,52,1260.9099999999962
CTSH,98561.78,99954.12,50,1392.3399999999965
TECK,83447.34,87800.49,42,4353.150000000009
PARR,51797.00000000001,53785.02,26,1988.0199999999895
MMI,115125.42,118160.90999999999,58,3035.4899999999907
OC,70329.64000000001,71922.88,36,1593.2399999999907
FCNCA,64406.87,66405.81,38,1998.939999999995
FCNCO,17874.75,17655.55,9,-219.20000000000073
NKE,99327.11999999998,102217.58,51,2890.460000000021
ZBRA,127864.92000000001,131818.96999999997,69,3954.0499999999593
ARCE,57778.98999999999,58900.9,29,1121.9100000000108
GIII,59670.76,60463.78,30,793.0199999999968
IPG,115250.75,119142.11000000002,58,3891.360000000015
LYG,65967.13,66836.03,33,868.8999999999942
ALGM,49663.74999999999,50717.82,25,1054.070000000007
APH,80317.65,83189.60000000002,41,2871.950000000026
SIX,132722.52,135625.42,67,2902.9000000000233
ZIP,63749.28,65115.05,32,1365.770000000004
AFG,48661.07,50371.12,25,1710.050000000003
GAMB,115729.5,120267.7,58,4538.199999999997
CHCI,111922.65,114456.79,56,2534.1399999999994
AMSF,90654.53999999998,92113.85999999999,46,1459.320000000007
CSTR,83711.62000000001,85202.31,42,1490.6899999999878
SBOW,129146.34000000001,137534.18000000002,65,8387.840000000011
AN,121433.95,126184.56999999998,62,4750.619999999981
ASIX,79370.15000000001,82266.81,40,2896.659999999989
CPG,57889.939999999995,60950.40000000001,29,3060.4600000000137
HON,80214.50000000001,82686.29,42,2471.789999999979
GAINN,5958.99,5716.120000000001,3,-242.86999999999898
MTCH,129557.06,132089.38999999998,66,2532.329999999987
UAN,60162.09,62228.28999999999,31,2066.199999999997
CPE,150341.37999999998,158688.11000000002,76,8346.73000000004
CPF,59638.350000000006,60000.77,30,362.419999999991
HCA,103938.14,107943.21999999999,54,4005.079999999987
PEO,47796.37,50157.86,24,2361.489999999998
UNH,76028.45999999999,78866.89000000001,41,2838.430000000022
CDW,100264.76000000001,103634.83,52,3370.0699999999924
CSL,74607.64,76347.67000000001,39,1740.0300000000134
CR,39297.93,40199.76,20,901.8300000000017
LLY,79991.14,83420.81,42,3429.6699999999983
KNSL,110576.97,116141.93000000001,58,5564.960000000006
SNA,101837.76000000001,104033.42000000001,53,2195.6600000000035
EXP,36680.05,37006.200000000004,19,326.15000000000146
TLYS,89799.69,90720.66,45,920.9700000000012
ATLO,89458.73,90886.25,45,1427.520000000004
UL,61159.409999999996,61574.29,31,414.88000000000466
CTAS,76103.63,79747.08000000002,41,3643.4500000000116
WLK,60499.990000000005,62605.92,31,2105.929999999993
OXY,45335.07000000001,48053.94,23,2718.8699999999953
ENPH,175644.94,191734.45000000004,90,16089.510000000038
TEX,132796.71,135695.36,67,2898.649999999994
NDSN,53488.83,54970.55,28,1481.7200000000012
EVRI,55731.759999999995,55801.96,28,70.20000000000437
AVGO,34656.689999999995,34853.21,20,196.52000000000407
C,65153.670000000006,65625.77,33,472.09999999999854
C-PK,7935.900000000001,7755.07,4,-180.83000000000084
C-PJ,7928.69,7707.57,4,-221.1199999999999
SYNA,85162.88,84658.79,44,-504.09000000001106
VSCO,67309.47,68368.51000000001,34,1059.0400000000081
RMD,87475.30000000002,91115.94000000002,46,3640.6399999999994
PSB-PZ,31879.95,31760.309999999998,16,-119.64000000000306
SSBK,7983.76,8850.029999999999,4,866.2699999999986
GHLD,95726.79,96326.59999999999,48,599.8099999999977
FBK,85356.02,88020.54,43,2664.5199999999895
PG,40745.85,42425.65,21,1679.800000000003
VRSK,75147.78,77415.54000000002,39,2267.760000000024
HTBI,21836.52,21640.97,11,-195.54999999999927
HMNF,49750.71,50937.47,25,1186.760000000002
SF,120662.47,124220.06999999999,61,3557.5999999999913
ALB,54129.310000000005,55591.289999999986,29,1461.9799999999814
TSCO,83051.13,86912.62999999999,43,3861.4999999999854
JRSH,113846.20999999999,115542.42,57,1696.2100000000064
TPR,81241.68,83165.23999999999,41,1923.5599999999977
HPK,139422.30000000002,146400.79000000004,70,6978.49000000002
MNDO,91943.36,92795.48000000001,46,852.1200000000099
GCMG,63833.69,64642.11,32,808.4199999999983
PLUS,128599.70999999999,132500.74,65,3901.029999999999
TT,89353.16999999998,93052.98000000001,46,3699.810000000027
CUBI,96912.88,99468.58,49,2555.699999999997
CUBI-PF,1988.53,1898.77,1,-89.75999999999999
TX,83347.16,85976.66,42,2629.5
GPC,78294.29999999999,81516.1,40,3221.8000000000175
RGP,47806.83,49244.67,24,1437.8399999999965
INVA,145488.25,147522.53,73,2034.2799999999988
MHO,174217.0,180087.19,88,5870.190000000002
WOR,170203.38999999998,174435.11,86,4231.720000000001
PERI,55722.51,57163.17,28,1440.6599999999962
TPH,143452.96999999997,148473.99,72,5021.020000000019
KAI,56763.240000000005,57478.88999999999,30,715.6499999999869
MERC,85706.50000000001,87447.84,43,1741.339999999982
DRCT,85949.10999999999,93564.72000000002,43,7615.61000000003
COF-PN,31845.99,31446.29,16,-399.7000000000007
AYI,137766.04,141193.98000000004,71,3427.9400000000314
BOH-PA,23858.470000000005,23529.829999999994,12,-328.64000000001033
SPLP-PA,11937.91,12300.640000000001,6,362.7300000000014
MCD,55299.65000000001,56474.82000000001,29,1175.1699999999983
RELX,77557.5,78657.58,39,1100.0800000000017
CCS,108545.12,111029.24999999999,55,2484.12999999999
VMW,84966.87000000002,85951.90999999999,44,985.0399999999645
PTRS,67872.37999999999,68079.10000000002,34,206.72000000003027
MRAM,161713.69,165168.68,81,3454.9899999999907
LAKE,147216.26,152820.68000000002,74,5604.420000000013
BWB,51735.02,52399.979999999996,26,664.9599999999991
ADSK,117377.48,120090.19000000002,62,2712.710000000021
CFB,53789.990000000005,54524.6,27,734.6099999999933
CRUS,108284.1,110406.91999999998,55,2122.819999999978
DOOR,80043.35,81425.15999999999,41,1381.8099999999831
NYT,97061.24,98298.07,49,1236.8300000000017
SII,77217.71,79387.84999999999,39,2170.139999999985
IGIC,113796.22,114893.5,57,1097.2799999999988
BPRN,11897.5,11859.509999999998,6,-37.9900000000016
WNC,79682.91,82184.99,40,2502.0800000000017
FHB,55643.909999999996,56234.61,28,590.7000000000044
AUBN,128646.34,130368.81,65,1722.4700000000012
MTG,43854.369999999995,44959.909999999996,22,1105.5400000000009
AVY,86560.55,88705.67000000001,45,2145.12000000001
WMS,105688.87,111740.59,54,6051.720000000001
SID,209806.51999999996,215814.96000000002,105,6008.4400000000605
OXM,68727.72,69472.03,35,744.3099999999977
EXPE,75381.26,77209.9,39,1828.6399999999994
BGR,59857.20999999999,62246.39,30,2389.1800000000076
AEHR,99652.31,103413.49,50,3761.1800000000076
IPGP,128915.59,130233.34999999998,67,1317.7599999999802
CBNK,109577.52,113203.41999999998,55,3625.8999999999796
MAN,119678.36,122826.93000000001,61,3148.570000000007
JNJ,53715.59,54619.32,28,903.7300000000032
NVDA,149952.06,154158.39,80,4206.330000000016
WRB,19705.7,20304.230000000003,10,598.5300000000025
FMNB,99668.07,100903.72,50,1235.6499999999942
UNP,79681.47,81259.65000000001,42,1578.1800000000076
LZB,142936.38999999998,146846.06,72,3909.670000000013
DXC,39710.73,40963.42999999999,20,1252.6999999999898
FDBC,130557.26,132978.03,66,2420.770000000004
AEIS,137379.74000000002,141430.16999999998,70,4050.429999999964
AIG,45387.68000000001,46762.740000000005,23,1375.0599999999977
ALLY,49547.87,49340.21,25,-207.6600000000035
FGBI,51722.48,53024.68,26,1302.199999999997
SNPS,42408.869999999995,43320.06999999999,23,911.1999999999971
HIMX,125690.11,130070.22000000002,63,4380.110000000015
PZZA,105706.64999999998,108164.50000000001,54,2457.850000000035
BCH,29841.84,30857.4,15,1015.5600000000013
NX,65585.77,66722.11,33,1136.3399999999965
AIT,76669.22,79494.58,39,2825.3600000000006
IOSP,72098.32,74050.65,37,1952.3299999999872
WMT,58101.709999999985,59506.07000000001,30,1404.3600000000224
MNTK,71784.68,74148.84,36,2364.1600000000035
UTHR,63618.72,67353.3,33,3734.5800000000017
TMHC,55588.939999999995,56383.26,28,794.320000000007
PPC,49696.37,51927.8,25,2231.4300000000003
NOC,78716.87000000001,80498.4,43,1781.5299999999843
GURE,51942.090000000004,52179.68,26,237.5899999999965
SANM,130836.42000000001,135002.08,66,4165.659999999974
MBINP,15852.849999999999,15817.21,8,-35.63999999999942
MBINO,31848.489999999998,31462.35,16,-386.1399999999994
MBIN,101444.51999999999,103143.8,51,1699.2800000000134
CSX,88687.66,90813.11,45,2125.449999999997
CRI,107530.37,108933.07,55,1402.7000000000116
FE,29716.760000000002,31110.77,15,1394.0099999999984
TK,135911.67,139545.58000000002,68,3633.9100000000035
GER,41915.2,43871.15,21,1955.9500000000044
DXLG,65912.35,67684.74,33,1772.3899999999994
TS,39750.840000000004,41409.93,20,1659.0899999999965
CTBI,15850.33,15896.150000000001,8,45.82000000000153
EXLS,78544.85,82292.20000000001,40,3747.350000000006
DOW,96894.15,99621.55,49,2727.4000000000087
CALB,19891.730000000003,20288.38,10,396.6499999999978
BOH,110134.98999999999,112306.38,56,2171.390000000014
RDY,74870.77,76335.53000000001,38,1464.7600000000093
JKHY,73164.04000000001,74775.88,38,1611.8399999999965
CMG,46897.39,47818.67,32,921.2799999999988
BRC,106707.93999999999,108289.34999999999,54,1581.4100000000035
COLM,80134.04,81229.65999999999,41,1095.6199999999953
WY,47553.02,48013.41,24,460.3900000000067
SAIA,62804.049999999996,63545.25,33,741.2000000000044
CTR,61588.72000000001,64400.29,31,2811.5699999999924
ABG,170387.84,177621.9,88,7234.059999999998
MMM,92117.45,92850.09,48,732.6399999999994
BFC,94568.73,96458.69,48,1889.9600000000064
LYB,93891.97,95174.72,48,1282.75
ITT,80448.87,82118.06,41,1669.1900000000023
UBCP,101625.33,103381.68000000001,51,1756.3500000000058
CATY,25715.89,26017.83,13,301.9400000000023
CAR,130292.48,138394.31,68,8101.830000000002
MCBC,31922.059999999998,32498.56,16,576.5000000000036
CAC,23724.329999999998,23447.14,12,-277.1899999999987
NSIT,43028.75,44153.97,22,1125.2200000000012
CSGS,80945.16999999998,83507.8,41,2562.630000000019
HI,89068.15,91105.87000000001,45,2037.7200000000157
MYFW,95519.31999999999,97485.33,48,1966.0100000000093
SUZ,81805.31,82576.63,41,771.320000000007
SNFCA,27939.000000000004,27859.729999999996,14,-79.27000000000771
UNMA,17853.629999999997,18021.39,9,167.76000000000204
ZEUS,121111.51999999997,125729.41000000002,61,4617.890000000043
MRK,63055.41,64140.87,32,1085.4599999999991
TWO-PA,19887.66,19578.48,10,-309.1800000000003
BBW,59789.73,62432.25000000001,30,2642.520000000004
FUNC,103563.70999999999,105619.22,52,2055.5100000000093
MOMO,203182.32,207347.07,102,4164.75
EGLE,116661.49,121947.45000000001,59,5285.960000000006
EMR,84553.19,86776.84999999999,43,2223.659999999989
HQI,143505.5,147291.22,72,3785.720000000001
TOWN,85509.43,86784.65999999999,43,1275.229999999996
WH,70904.75,72635.74,36,1730.9900000000052
BAH,74665.9,77650.73000000001,38,2984.8300000000163
NSSC,167278.61999999997,172568.97999999998,84,5290.360000000015
DAVA,111806.91,114123.54999999999,57,2316.639999999985
TPB,133000.4,135161.56,67,2161.1600000000035
SBNYP,15887.48,15367.26,8,-520.2199999999993
SBNY,64567.520000000004,64775.45999999999,34,207.93999999998778
III,173798.87,180379.16,87,6580.290000000008
SAL,71458.16,71619.34,36,161.17999999999302
OTTR,33421.31,34589.95,17,1168.6399999999994
BDC,65194.189999999995,67744.44,33,2550.2500000000073
MDC,164643.67,169721.85000000003,83,5078.180000000022
SRCE,39560.91,40643.780000000006,20,1082.8700000000026
GSMG,193866.56999999998,201677.74999999997,97,7811.179999999993
ESNT,81061.67,82468.63999999998,41,1406.9699999999866
SYY,29563.88,30688.079999999994,15,1124.1999999999935
UNVR,55636.03999999999,58296.7,28,2660.6600000000035
VCTR,151200.34999999998,157442.18,76,6241.830000000016
WNS,74637.13999999998,78105.82999999999,38,3468.6900000000023
AAON,94672.91,97945.62000000001,48,3272.7100000000064
LAMR,41056.729999999996,40864.560000000005,21,-192.16999999999098
ABB,51669.219999999994,53244.740000000005,26,1575.5200000000114
TOL,72922.99,74269.54000000001,37,1346.550000000003
ASC,43914.030000000006,47237.72000000001,22,3323.6900000000023
NWFL,33804.74,34326.58,17,521.8400000000038
ACEL,79783.5,80700.51000000001,40,917.0100000000093
SCX,145744.85,149823.13,73,4078.279999999999
FELE,110277.39,112696.28,56,2418.8899999999994
MMC,58216.0,60588.83,30,2372.8300000000017
RL,74254.57,75613.23999999999,38,1358.6699999999837
KO,49445.090000000004,50989.21,25,1544.1199999999953
WTBA,51631.61000000001,52402.149999999994,26,770.5399999999863
OGN,55544.52,56415.700000000004,28,871.1800000000076
AVNW,91653.76999999999,96764.08,46,5110.310000000012
SHW,75250.23999999999,77444.27,43,2194.0300000000134
HAL,49617.68,51469.83,25,1852.1500000000015
GOLF,85050.76000000001,87080.79999999999,43,2030.039999999979
UNB,101345.67000000001,103625.64,51,2279.9699999999866
AWI,70577.13,72287.64,36,1710.5099999999948
AIN,119911.34999999999,123153.06000000001,61,3241.710000000021
CMCSA,63261.06999999999,63939.979999999996,32,678.9100000000035
GMS,47457.45,48309.89,24,852.4400000000023
PIPR,85661.43000000002,88461.53,44,2800.0999999999767
CAL,57698.84,58573.02000000001,29,874.1800000000148
VALU,215847.90999999995,223799.38999999996,109,7951.4800000000105
PANL,201798.46999999997,207020.41999999998,101,5221.950000000012
DAC,128851.06,131819.41,65,2968.350000000006
EMO,63660.2,66825.44,32,3165.2400000000052
COF-PL,31806.79,31529.49,16,-277.2999999999993
COF-PK,31844.33,31673.659999999996,16,-170.67000000000553
COF,69962.22000000002,71319.43999999999,36,1357.219999999972
ZI,65246.73,67052.92,33,1806.189999999995
ALLE,107018.45999999999,108977.49999999999,55,1959.0399999999936
IBCP,123394.47999999998,125423.71,62,2029.230000000025
ABEV,183849.99000000002,185992.36,92,2142.3699999999662
JPM,93171.01000000001,94664.67,48,1493.659999999989
FFIN,118823.77,120725.65,60,1901.87999999999
SGU,73843.50000000001,74822.59,37,979.089999999982
AFL,37441.05,38811.91,19,1370.8600000000006
WIT,103845.79,106200.22,52,2354.4300000000076
FLT,115657.23999999999,118078.93,62,2421.6900000000023
ALV,100180.71,102097.13,51,1916.4199999999983
UGP,101900.57,104152.04,51,2251.4699999999866
BELFB,41787.56,44247.909999999996,21,2460.3499999999985
BELFA,33776.48,35616.58,17,1840.0999999999985
VFC,128079.81000000001,129160.78,65,1080.9699999999866
NRG,99303.27,101256.76999999999,50,1953.4999999999854
NVMI,88131.99,90427.66,45,2295.6699999999983
ALSN,114813.02,117384.18999999999,58,2571.1699999999837
IEX,67405.92,69702.20999999999,35,2296.2899999999936
ZIONL,1980.08,1885.63,1,-94.44999999999982
AROW,85374.77,85344.14000000001,43,-30.629999999990105
PYPL,82284.28000000001,83419.98999999999,42,1135.7099999999773
NWLI,23027.99,23537.23,12,509.23999999999796
HUM,91136.0,94412.49999999999,50,3276.4999999999854
TXRH,88038.81000000001,89887.30999999998,45,1848.499999999971
LKQ,43461.22,45069.72,22,1608.5
SWKS,158340.42,160941.30000000002,82,2600.8800000000047
CTDD,43758.729999999996,44766.87,22,1008.1400000000067
LW,96408.98,99923.42000000001,49,3514.440000000017
G,83048.38,85469.6,42,2421.220000000001
EVC,91880.39,95406.29,46,3525.899999999994
REGN,99741.31,102419.23999999999,56,2677.929999999993
BFIN,13978.39,13720.169999999998,7,-258.22000000000116
TGNA,115514.74,118745.45000000001,58,3230.7100000000064
PFHD,69727.84,70562.23000000001,35,834.390000000014
BWXT,86722.89,89303.88999999998,44,2580.9999999999854
SPNS,67645.84,69116.28,34,1470.4400000000023
ASX,137791.15,140683.67,69,2892.5200000000186
PLPC,37357.43,38099.3,19,741.8700000000026
OZK,89143.42000000001,91231.92999999998,45,2088.5099999999657
HALO,99185.29,103959.95,50,4774.6600000000035
SIVB,89792.35999999999,92260.0,51,2467.640000000014
GS-PJ,5946.21,5771.58,3,-174.6300000000001
GS-PA,27848.67,27602.92,14,-245.75
GS-PD,23847.199999999997,23494.4,12,-352.79999999999563
GILD,86505.21999999999,87571.25,44,1066.0300000000134
URI,33658.02,34652.03,18,994.010000000002
SOI,111644.07,114515.0,56,2870.929999999993
SMCI,51320.350000000006,54579.899999999994,26,3259.5499999999884
EQBK,51648.6,52974.04,26,1325.4400000000023
AFGC,45678.689999999995,46329.83000000001,23,651.140000000014
AFGE,33833.5,33448.68,17,-384.8199999999997
AFGD,25832.74,25535.25,13,-297.4900000000016
AFGB,23831.6,23586.309999999998,12,-245.29000000000087
EA,77666.79000000001,79040.73,40,1373.9399999999878
CAT,74076.28,75295.73,39,1219.449999999997
BCBP,81740.84,83262.49,41,1521.6500000000087
BJ,116859.12000000001,121776.85,59,4917.729999999996
ABT,32924.96,33269.07,17,344.1100000000006
CNHI,45845.22,46499.52,23,654.2999999999956
VIVO,143374.49,150037.42,72,6662.930000000022
TGS,213606.09000000003,219091.55,107,5485.459999999963
RGA,21365.5,22133.68,11,768.1800000000003
HEI-A,42905.28,44312.45,22,1407.1699999999983
HEI,36567.23999999999,38488.1,19,1920.8600000000079
IMKTA,82887.56999999999,85949.28999999998,42,3061.7199999999866
USLM,52454.630000000005,53586.27,27,1131.6399999999921
XPO,59390.63,60767.58,30,1376.9500000000044
GRMN,80264.02,82792.64,41,2528.6199999999953
OEC,113526.6,116434.64000000001,57,2908.040000000008
TEL,38786.11,38840.46,20,54.349999999998545
WF,43657.62,44108.179999999986,22,450.5599999999831
SUP,139814.3,144353.53,70,4539.2300000000105
CWBC,61870.0,63236.48,31,1366.4800000000032
TTGT,133876.44999999998,137819.19000000003,68,3942.740000000049
GEF-B,154058.24000000002,156889.90999999997,78,2831.6699999999546
KSS,194274.94,200172.38999999998,98,5897.4499999999825
NSC,64257.469999999994,65687.53000000001,34,1430.0600000000195
TDG,45322.380000000005,46889.030000000006,26,1566.6500000000015
RUSHB,69138.53,70676.91,35,1538.3800000000047
RUSHA,55245.52,56470.32,28,1224.800000000003
NFLX,115823.55,118831.32,64,3007.770000000004
ASLE,85738.58000000002,88262.70000000001,43,2524.1199999999953
DOV,83318.4,86539.85,43,3221.4500000000116
WSFS,126785.19,129231.51999999999,64,2446.329999999987
MT,89381.64,91892.90999999999,45,2511.2699999999895
FCN,68009.37,71572.45999999998,35,3563.089999999982
FF,71800.91,73443.26,36,1642.3499999999913
SNV-PE,33823.09,34485.799999999996,17,662.7099999999991
SNV-PD,31848.7,32609.79,16,761.0900000000001
DIN,135354.21000000002,137167.73,69,1813.5199999999895
PGC,119281.62000000001,122837.8,60,3556.179999999993
LRN,101256.41000000002,104929.46,51,3673.0499999999884
MU,98743.78,100540.09,50,1796.3099999999977
UBOH,145069.83000000002,147280.34,73,2210.50999999998
SGH,145296.31999999998,150463.27,73,5166.950000000012
WEYS,99435.47,101653.90999999997,50,2218.439999999973
FUTU,83043.42000000001,86528.89,42,3485.4699999999866
RRR,53404.41000000001,54094.99000000001,27,690.5800000000017
HWC,67071.48,68350.3,34,1278.820000000007
EFSCP,37820.19,37444.259999999995,19,-375.93000000000757
BABA,153985.22,156147.81,80,2162.5899999999965
PVL,65950.26,68607.87,33,2657.6100000000006
SCI,84877.35999999999,88193.73,43,3316.37000000001
CARR,85226.76000000001,89693.68,43,4466.919999999984
FIVE,145075.62000000002,148679.40000000002,75,3603.779999999999
PAM,79642.95,82966.28,40,3323.3300000000017
HIG,35480.82,36327.66,18,846.8400000000038
BLMN,41726.369999999995,43125.590000000004,21,1399.2200000000084
WEX,36604.02,37382.16999999999,19,778.1499999999942
PKG,61714.53,62472.12,32,757.5900000000038
SITE,96186.95000000001,96977.19,50,790.2399999999907
BG,60878.66,62477.01000000001,31,1598.3500000000058
FOX,126967.17,128696.3,64,1729.1300000000047
FOXA,132970.47999999998,134829.75000000003,67,1859.2700000000477
LAD,147909.25000000003,154633.40999999997,78,6724.159999999945
ADM,43041.94,44853.09000000001,22,1811.1500000000087
CARE,57847.85999999999,59961.08,29,2113.2200000000084
AUDC,133029.41,136084.59999999998,67,3055.189999999973
UONEK,183828.38999999998,193339.69999999998,92,9511.309999999998
UONE,215741.26,230934.81,108,15193.549999999988
MRBK,23884.63,23746.33,12,-138.29999999999927
HBAN,35853.810000000005,35932.98,18,79.16999999999825
ACM,45194.700000000004,46541.58,23,1346.8799999999974
HBANM,13909.67,13737.32,7,-172.35000000000036
SFM,123230.0,126702.48,62,3472.479999999996
RICK,41258.75,42452.28999999999,21,1193.5399999999936
TSN,96238.91,98101.52,49,1862.6100000000006
TITN,49687.19,51685.8,25,1998.6100000000006
DOX,45403.369999999995,46976.03999999999,23,1572.6699999999983
FONR,87592.70999999999,88180.51000000001,44,587.8000000000175
TNL,110745.12,112952.8,56,2207.6800000000076
AMPH,27819.270000000004,29740.14,14,1920.8699999999953
LEVI,111441.29000000001,113771.15,56,2329.859999999986
BLK,88135.50999999998,91377.98999999999,52,3242.4800000000105
FFIV,111364.23999999999,113479.42,58,2115.1800000000076
CLH,33046.58,33818.39,17,771.8099999999977
KRT,81658.19,83283.76,41,1625.5699999999924
THC,130497.14,135553.01,66,5055.87000000001
WM,52273.119999999995,54288.43,27,2015.310000000005
PPBI,59396.26,60697.14,30,1300.8799999999974
DG,72963.01000000001,81435.59,38,8472.579999999987
BECN,39373.20999999999,39869.380000000005,20,496.1700000000128
FMC,95618.11,98856.55,49,3238.4400000000023
FUSB,75846.62,76234.18,38,387.5599999999977
STVN,79613.69,81474.73000000001,40,1861.0400000000081
HSIC,96243.27,98193.04000000001,49,1949.770000000004
NBIX,87961.09999999998,90671.12000000001,45,2710.020000000033
NOA,41856.69,42573.05,21,716.3600000000006
SPWH,103803.40999999999,106405.03000000001,52,2601.6200000000244
DRI,50375.86,51211.25000000001,26,835.3900000000067
BMY,33552.9,34265.670000000006,17,712.7700000000041
WDC,59417.2,59518.630000000005,30,101.43000000000757
CWK,109517.91,111528.97,55,2011.0599999999977
PCAR,62527.6,66058.59,32,3530.989999999998
GSL,57697.7,58207.06999999999,29,509.36999999999534
SNBR,215111.45999999996,221458.79,109,6347.330000000045
BANR,96698.93999999999,98425.42,49,1726.4800000000105
HRMY,95106.59999999999,98439.59,48,3332.9900000000052
CNC,137886.99,141188.97,70,3301.9800000000105
HTH,107371.43000000001,110288.78000000001,54,2917.350000000006
CSGP,78604.15,81473.03,40,2868.8800000000047
ANF,109389.29,111830.30999999998,55,2441.0199999999895
GIS,60925.23,63100.35,31,2175.1199999999953
BZH,65747.43000000001,66225.55,33,478.11999999999534
AMTD,169807.77000000002,177300.01999999996,85,7492.249999999942
CVCY,125491.39,127077.40999999999,63,1586.0199999999895
AGYS,47486.770000000004,48797.47,24,1310.699999999997
CRWS,49917.99,50447.719999999994,25,529.7299999999959
CLPS,147903.54,152416.90999999997,74,4513.369999999966
CMI,83731.87000000001,86065.84,44,2333.9699999999866
OVBC,146929.15,149725.99,74,2796.8399999999965
URBN,97458.56999999999,98827.88,49,1369.3100000000122
CATC,96408.85,97729.75,49,1320.8999999999942
HUN,65554.83,66719.33,33,1164.5
FN,39187.23,40341.729999999996,20,1154.4999999999927
FIF,31892.579999999998,33053.16,16,1160.5800000000054
TTMI,39863.92999999999,40985.869999999995,20,1121.9400000000023
LU,193631.90000000002,195813.05,97,2181.149999999965
PHX,61957.450000000004,65872.33,31,3914.8799999999974
DE,50358.81999999999,51438.78999999999,28,1079.9700000000012
WAL,159336.99,164745.95,81,5408.960000000021
GPN,42917.32,43207.57,22,290.25
USB,98963.39000000001,100539.92,50,1576.5299999999843
USB-PP,27834.34,27442.63,14,-391.7099999999991
USB-PQ,35873.43,35454.66,18,-418.7699999999968
USB-PH,43746.90999999999,44013.69,22,266.7800000000134
BVH,81557.75000000001,83859.4,41,2301.6499999999796
CCNEP,5950.9,5837.83,3,-113.06999999999971
AVT,57433.18000000001,58440.72000000001,29,1007.5400000000009
ROCK,63382.43000000001,65086.45,32,1704.0199999999895
FMAO,146931.15,150112.28,74,3181.1300000000047
BMO,29096.29,29032.800000000007,15,-63.489999999994325
PFIE,51982.56,53188.479999999996,26,1205.9199999999983
K,55128.850000000006,56500.54,28,1371.689999999995
CPB,61323.310000000005,62362.75,31,1039.439999999995
RBB,69590.19,71520.81999999999,35,1930.62999999999
AEPPZ,13777.65,13870.92,7,93.27000000000044
FSBW,119290.67,121573.69,60,2283.020000000004
EHC,106329.39999999998,108279.25,54,1949.8500000000204
CRH,55397.939999999995,56072.030000000006,28,674.0900000000111
HESM,67665.66999999998,69491.54000000001,34,1825.8700000000244
CSWI,80280.42,82983.48000000001,41,2703.060000000012
IAA,104821.36,108227.42,53,3406.0599999999977
HNNA,131691.16,133895.94,66,2204.779999999999
FNV,52052.47000000001,52837.24,27,784.7699999999895
TSEM,21744.170000000002,22314.160000000003,11,569.9900000000016
SRV,55655.96,57658.899999999994,28,2002.939999999995
INGR,80460.19,81585.78,41,1125.5899999999965
JBHT,22922.79,23188.5,12,265.7099999999991
B,37611.57000000001,37896.35999999999,19,284.7899999999863
FHN,77780.31,80600.89,39,2820.5800000000017
FHN-PF,23838.520000000004,24060.760000000002,12,222.23999999999796
FHN-PE,11906.6,11926.72,6,20.11999999999898
LAZY,189379.07999999996,198271.53,95,8892.45000000004
SAP,81896.17,83527.16999999998,42,1630.9999999999854
EGBN,142552.86,144958.63,72,2405.7700000000186
BDXB,5924.7,5907.07,3,-17.63000000000011
EDUC,217572.96000000005,221108.63999999998,109,3535.679999999935
TCBK,116829.70000000001,119088.19999999998,59,2258.499999999971
SHBI,83742.88,85975.87000000001,42,2232.9900000000052
TCS,129683.15000000001,131651.89,65,1968.7400000000052
FCCO,103567.99,104348.67000000001,52,780.6800000000076
KOF,91106.06000000001,92496.33,46,1390.2699999999895
SFBC,31758.510000000002,31911.55,16,153.03999999999724
GNRC,176584.84,182810.00000000003,93,6225.160000000033
PCH,55266.85,55855.77,28,588.9199999999983
PPG,104674.06999999999,106901.37000000001,54,2227.3000000000175
HLIT,33887.64,34959.02,17,1071.3799999999974
CHMG,128829.81999999999,130428.45999999999,65,1598.6399999999994
CLX,82847.06999999999,83964.79000000001,43,1117.7200000000157
PAG,60267.700000000004,63078.01,31,2810.3099999999977
PFIS,37549.09,38503.45,19,954.3600000000006
FOR,45807.20999999999,45980.85,23,173.6400000000067
VIA,123534.28,134042.11000000002,62,10507.830000000016
OLLI,139896.57,142496.3,71,2599.7299999999814
VIASP,35808.10999999999,38009.29999999999,18,2201.189999999995
VBFC,81124.01000000001,83623.89,41,2499.87999999999
GD,76793.56,78531.78,40,1738.2200000000012
MEOH,97221.54000000001,99142.66,49,1921.1199999999953
DK,89350.26000000001,93562.06000000001,45,4211.800000000003
EDRY,149401.50999999998,159511.33000000002,75,10109.820000000036
ABBV,33051.200000000004,34046.39,17,995.189999999995
ITIC,149624.58,151506.17,78,1881.5900000000256
VIRT,97410.08000000002,100248.10999999999,49,2838.0299999999697
DGX,74032.2,76407.77999999998,38,2375.579999999987
CADE,47612.28,48449.72,24,837.4400000000023
BMRC,111136.84,112244.67,56,1107.8300000000017
FUN,57233.69,57761.16999999999,29,527.4799999999886
NXST,120386.11,124392.40000000001,62,4006.290000000008
GL,17602.5,17975.73,9,373.22999999999956
HOLI,159404.31999999998,164061.10000000003,80,4656.780000000057
CNM,49675.18,49878.67,25,203.48999999999796
ZM,129104.17,129298.24,68,194.07000000000698
NTZ,87804.99,89429.42,44,1624.429999999993
STBA,41728.97000000001,43021.840000000004,21,1292.8699999999953
DSKE,65897.99,67140.64,33,1242.6499999999942
TNK,180437.47999999998,189575.59000000003,91,9138.110000000044
LEG,144550.45,147742.12,73,3191.6699999999837
CBZ,39670.35,41176.64,20,1506.2900000000009
FDS,77479.55,80321.43000000001,42,2841.8800000000047
LGIH,181697.78999999998,189260.74000000002,93,7562.950000000041
ZTO,139172.43000000002,142545.30000000002,70,3372.8699999999953
DLTH,109682.6,110511.55,55,828.9499999999971
STC,102748.90999999999,105667.16999999998,52,2918.2599999999948
FBMS,81491.59,82510.77,41,1019.1800000000076
TRST,21803.05,21981.789999999997,11,178.73999999999796
CVBF,105526.50000000001,107869.27,53,2342.7699999999895
AMCR,75815.87,77041.53,38,1225.6600000000035
CNOB,51604.11,52303.6,26,699.489999999998
ATR,79714.61,80752.67,41,1038.0599999999977
CASY,74654.22999999998,77429.02,39,2774.7900000000227
BR,79154.95000000001,81208.70999999999,41,2053.75999999998
AMGN,71785.72000000002,73368.46,38,1582.7399999999907
ZGN,37904.119999999995,38420.33,19,516.2100000000064
CVS,80363.12,82792.05,41,2428.9300000000076
HRL,61307.52,62620.03000000001,31,1312.5100000000166
MET-PF,27894.94,27568.430000000004,14,-326.50999999999476
EFSC,47433.54,48592.479999999996,24,1158.939999999995
BIIB,116762.65000000001,119822.16000000002,62,3059.5100000000093
BAC-PN,29824.170000000002,29532.510000000002,15,-291.65999999999985
BAC-PM,23851.2,23606.39,12,-244.8100000000013
BAC-PE,21891.04,21560.890000000003,11,-330.1499999999978
BAC-PK,11922.759999999998,11766.47,6,-156.28999999999905
BAC-PB,7930.16,7783.52,4,-146.63999999999942
BAC-PP,27826.359999999997,27473.339999999997,14,-353.02000000000044
BML-PG,17911.33,17584.66,9,-326.6700000000019
BML-PL,21904.690000000002,21673.73,11,-230.96000000000276
BAC-PO,27860.84,27477.480000000003,14,-383.35999999999694
BAC-PL,14587.849999999999,14354.390000000001,11,-233.4599999999973
BML-PJ,19894.59,19731.350000000002,10,-163.23999999999796
BAC,41693.920000000006,41412.67999999999,21,-281.2400000000125
BML-PH,15934.55,15693.48,8,-241.0699999999997
VAC,34664.880000000005,35134.32,18,469.43999999999505
CI,18792.579999999998,19347.05,10,554.4700000000012
NISN,323446.57999999996,363923.39,162,40476.810000000056
GEO,95817.95999999999,100014.62000000001,48,4196.660000000018
BUSE,121397.86,123739.72,61,2341.8600000000006
FFWM,117450.32,119437.20000000001,59,1986.8800000000047
PNC,53799.49,54360.47,28,560.9800000000032
JOUT,146955.41999999998,148644.91,75,1689.4900000000198
CCBG,29804.189999999995,31064.329999999998,15,1260.140000000003
CFG-PE,27853.25,27685.660000000003,14,-167.5899999999965
CFG-PD,17858.47,17675.51,9,-182.96000000000276
VRRM,33853.36,34595.090000000004,17,741.7300000000032
CFG,67235.01000000001,68609.76000000001,34,1374.75
TKC,151808.83,153142.8,76,1333.9700000000012
ASAI,75665.61,78213.43999999996,38,2547.829999999958
VHI,123269.73,125706.62000000001,62,2436.890000000014
VOD,35865.71,35499.81,18,-365.90000000000146
RCLFW,39995.689999999995,40705.159999999996,20,709.4700000000012
RCLFU,1991.66,2031.48,1,39.819999999999936
PTSI,100862.23999999999,104728.8,51,3866.560000000012
PDEX,196978.82000000004,203143.90000000002,99,6165.079999999987
PLOW,47567.69,48724.04,24,1156.3499999999985
KOP,85366.25,86929.26000000001,43,1563.0100000000093
HURN,51301.70000000001,52537.64000000001,26,1235.939999999995
ATUS,161384.87999999998,162841.93,81,1457.0500000000175
FLO,63508.55,65076.590000000004,32,1568.0400000000009
LVLU,103812.41,106990.25,52,3177.8399999999965
SMP,124690.38999999998,126704.93000000001,63,2014.5400000000227
SON,69215.95000000001,70617.93999999999,35,1401.9899999999761
BEPC,35613.85,35701.05,18,87.20000000000437
OSIS,27352.359999999997,27452.420000000002,14,100.06000000000495
ZION,118863.57,121984.29000000002,60,3120.7200000000157
ZIONO,31775.58,32597.31,16,821.7299999999996
ZIONP,53781.23,54297.88,27,516.6499999999942
COFS,83470.42,84649.14,42,1178.7200000000012
PEBO,21853.96,21772.229999999996,11,-81.7300000000032
FITB,39645.969999999994,39521.85999999999,20,-124.11000000000058
APD,79046.15000000001,81352.07,42,2305.9199999999983
MMP,88807.13000000002,90783.85000000002,45,1976.7200000000012
PNBK,29910.84,29830.660000000003,15,-80.17999999999665
DCOMP,27869.759999999995,27337.91,14,-531.8499999999949
BRO,75097.03,77549.48999999999,38,2452.459999999992
DHR,35750.35,36104.05,19,353.70000000000437
SXT,51030.219999999994,51482.29000000001,26,452.07000000001426
MBWM,83466.64000000001,84688.36,42,1221.7199999999866
TRV,28644.900000000005,29136.899999999998,15,491.9999999999927
CHT,21820.3,21956.72,11,136.4200000000019
HII,85537.08,87526.18999999999,45,1989.109999999986
CHDN,88090.91000000002,91328.40000000001,46,3237.4899999999907
ORRF,111490.38,113172.59,56,1682.2099999999919
ABM,77183.66999999998,79590.81000000001,39,2407.1400000000285
FBIZ,19803.079999999998,20206.84,10,403.76000000000204
KR,101030.85,103758.03,51,2727.179999999993
ENSG,104228.66,106867.68999999999,53,2639.0299999999843
AAP,110920.00999999998,113708.04,58,2788.0300000000134
PROCW,35994.04,36604.090000000004,18,610.0500000000029
GCO,98653.4,100347.09999999999,50,1693.699999999997
CABO,79395.20999999999,80603.47,53,1208.2600000000093
WMK,78862.26,81398.25,40,2535.9900000000052
QDEL,164060.79,171014.62000000002,85,6953.830000000016
ONON,79541.36,80619.23999999999,40,1077.87999999999
CAJ,25839.519999999997,26663.989999999998,13,824.4700000000012
UVSP,49642.21000000001,50464.14,25,821.929999999993
ALX,78015.73000000001,78970.47,42,954.7399999999907
SBGI,53724.369999999995,54068.29,27,343.92000000000553
LBC,41876.93,42510.75,21,633.8199999999997
CCZ,33449.84,33989.76,17,539.9200000000055
CZWI,27918.18,28840.21,14,922.0299999999988
LDOS,80293.78000000001,83871.55,41,3577.7699999999895
FFIC,25839.62,25568.680000000004,13,-270.93999999999505
VZ,61176.39000000001,61110.329999999994,31,-66.06000000001222
FCFS,58798.86,59900.31,30,1101.449999999997
AFBI,15948.06,16898.91,8,950.8500000000004
HELE,94259.74,95112.36,49,852.6199999999953
CSV,142997.5,147852.49,72,4854.989999999991
AMAL,143484.06,146471.08,72,2987.0199999999895
CACC,92972.15000000001,95534.48000000001,53,2562.3300000000017
SP,29794.489999999998,30467.559999999998,15,673.0699999999997
PSA-PI,37737.759999999995,37624.219999999994,19,-113.54000000000087
PSA-PG,37825.65,38192.94,19,367.2900000000009
PSA-PH,23834.120000000003,23913.41,12,79.28999999999724
PSA-PL,31793.91,31684.71,16,-109.20000000000073
PSA-PM,33853.659999999996,33624.4,17,-229.25999999999476
ABCB,128757.45999999999,132369.99,65,3612.529999999999
TIXT,79431.51000000001,79804.0,40,372.4899999999907
BY,25789.53,25774.929999999997,13,-14.600000000002183
FDX,89236.18000000001,90191.01999999999,47,954.839999999982
ARCO,115833.83,118506.02,58,2672.1900000000023
OTTW,7957.499999999999,7698.15,4,-259.34999999999945
ELTK,171829.9,187232.03000000003,86,15402.130000000034
CHTR,63038.05,62904.96000000001,36,-133.0899999999965
BSRR,117373.61,119565.26000000001,59,2191.6500000000087
BEN,105271.44000000002,106232.26999999999,53,960.8299999999726
SBS,193633.0,199078.22999999998,97,5445.229999999981
AAWW,96876.13999999998,101659.2,49,4783.060000000012
FITBO,29818.67,29555.85,15,-262.8199999999997
CME,64672.81,65516.4,34,843.5900000000038
GLBS,149886.06,151687.14,75,1801.0800000000163
JD,120355.96999999999,124379.86,61,4023.890000000014
TTEC,147862.47999999998,151979.37999999998,75,4116.899999999994
AMBC,51863.68,52757.75,26,894.0699999999997
ARC,117932.23000000001,117957.23999999999,59,25.00999999998021
SIFY,125943.48000000001,131031.32,63,5087.8399999999965
CB,28277.860000000004,28965.74,15,687.8799999999974
TRP,27582.329999999994,27764.44,14,182.11000000000422
NVS,54670.95,55673.06,28,1002.1100000000006
JWN,206824.03999999998,212062.13,104,5238.090000000026
ELS,82575.64000000001,84733.11,42,2157.4699999999866
PXS,67969.19,77593.78,34,9624.589999999997
LMST,19922.42,21178.07,10,1255.6500000000015
BSET,105470.38,107371.39,53,1901.0099999999948
RY,35105.43,36104.2,18,998.7699999999968
BERY,92994.41000000002,95172.45,47,2178.039999999979
DVA,105855.38000000002,109184.48,54,3329.0999999999767
FRC,42110.88,42640.05,22,529.1700000000055
GLOG-PA,9926.66,9814.52,5,-112.13999999999942
AJG,22914.000000000004,23414.050000000003,12,500.0499999999993
BFST,59628.75000000001,60242.439999999995,30,613.6899999999878
HOG,85143.66,87692.39000000001,43,2548.7300000000105
CM,72684.79000000001,73264.62999999999,37,579.839999999982
REYN,61560.159999999996,62421.79,31,861.6300000000047
OBT,41640.06,42431.47,21,791.4100000000035
MBCN,95501.53,98458.31999999999,48,2956.7899999999936
CENT,94945.3,96415.04999999999,48,1469.7499999999854
TRS,47693.21,48449.58,24,756.3700000000026
BCE,45553.45,46706.26999999999,23,1152.8199999999924
DLTR,38904.310000000005,41246.00000000001,20,2341.6900000000023
WRK,41564.94,41812.96,21,248.0199999999968
LBRDP,15895.35,15489.06,8,-406.2900000000009
MS,33061.98,33509.06,17,447.07999999999447
MS-PK,17928.31,17585.219999999998,9,-343.0900000000038
MS-PI,7949.200000000001,7709.389999999999,4,-239.8100000000013
MS-PA,21871.890000000003,21559.11,11,-312.7800000000025
MS-PF,5952.15,5770.620000000001,3,-181.52999999999884
MS-PE,5954.1900000000005,5829.96,3,-124.23000000000047
GT,57810.68,59072.280000000006,29,1261.6000000000058
TRI,35239.149999999994,36994.42,18,1755.270000000004
TANH,113889.75,114235.22,57,345.47000000000116
EBMT,77627.38,78429.51999999997,39,802.1399999999703
TD,49143.829999999994,49959.96000000001,25,816.1300000000119
CHD,60781.509999999995,62301.82,31,1520.310000000005
ATLCP,21881.73,21749.539999999997,11,-132.19000000000233
IMOS,115209.38,117615.64,58,2406.2599999999948
JRVR,45769.68,46028.1,23,258.41999999999825
AIR,97127.26999999999,99086.91,49,1959.640000000014
ALRS,119312.06,120205.71,60,893.6500000000087
PAYA,27950.81,27806.94,14,-143.87000000000262
PSHG,93866.21999999999,127291.09,47,33424.87000000001
GFS,76966.48000000001,78447.31999999999,39,1480.839999999982
ATVI,100100.92000000001,102033.70000000001,51,1932.7799999999988
SENEB,80965.11,84275.12999999999,41,3310.0199999999895
SSP,85665.64000000001,88129.46999999999,43,2463.8299999999726
WEN,25881.460000000003,25706.91,13,-174.5500000000029
OCFCP,11935.15,12004.4,6,69.25
WASH,93184.66999999998,94576.13,47,1391.460000000021
HONE,37895.68,38707.43,19,811.75
SFL,63874.490000000005,65813.25,32,1938.7599999999948
GBCI,126464.37,129177.41999999998,64,2713.0499999999884
HIW,47581.78,48025.96000000001,24,444.18000000000757
PINC,61477.99,61983.28000000001,31,505.2900000000154
ISTR,11939.669999999998,12307.77,6,368.1000000000022
PROV,83648.79,84274.65000000001,42,625.8600000000151
AUBAP,9946.36,9696.310000000001,5,-250.04999999999927
BKU,39585.060000000005,39474.51000000001,20,-110.54999999999563
LSXMK,39547.07,40273.16,20,726.0900000000038
LSXMB,25782.31,26644.449999999997,13,862.1399999999958
TFC-PR,23892.390000000003,23548.49,12,-343.90000000000146
TFC,61127.68000000001,61888.1,31,760.419999999991
WFC-PZ,25846.64,25562.52,13,-284.119999999999
WFC-PA,27826.61,27504.92,14,-321.6900000000023
BIG,196419.61000000002,198502.61,99,2082.999999999971
CZNC,31735.79,32298.579999999998,16,562.7899999999972
NFBK,33864.75,34483.18,17,618.4300000000003
RCI,83179.99999999999,83925.12000000001,42,745.1200000000244
SJM,54376.049999999996,55737.41999999999,28,1361.3699999999953
CBU,96444.69,98102.12,49,1657.429999999993
ASB-PE,17904.5,17559.02,9,-345.47999999999956
SBAC,35191.38,35171.549999999996,19,-19.830000000001746
ASB-PF,27827.3,27550.02,14,-277.27999999999884
BRKL,47855.91,48420.95,24,565.0399999999936
NAPA,75630.30999999998,76889.37999999999,38,1259.070000000007
CONN,135426.03,136862.33000000002,68,1436.3000000000175
ARKO,35906.86000000001,36690.15,18,783.2899999999936
ARKOW,31984.46,32427.739999999998,16,443.27999999999884
TPZ,33874.57,34678.1,17,803.5299999999988
ESLT,92453.66,94310.81999999999,48,1857.159999999989
PAHC,127254.08000000002,128191.95000000001,64,937.8699999999953
INN,41910.96,42450.22,21,539.260000000002
DRVN,83485.84999999999,84871.14,42,1385.2900000000081
SKM,49603.630000000005,49711.24,25,107.6099999999933
CYAN,65958.06,66692.75,33,734.6900000000023
APTV-PA,89006.82999999999,90945.39,46,1938.5600000000122
CHSCM,13917.27,13582.02,7,-335.25
CHSCN,9942.39,9710.36,5,-232.02999999999884
FULT,53791.17999999999,54716.96,27,925.7800000000061
FULTP,25849.57,25711.83,13,-137.73999999999796
BNS,37323.99,37206.170000000006,19,-117.81999999999243
