SymName,TotalAmountIn,TotalAmountOut,TotalTrades,profit,return_percent
PSHG,93866.22,127291.09,47,33424.87,35.60905084
GATEW,93995.33,107859.14,47,13863.81,14.74946681
PXS,67969.19,77593.78,34,9624.59,14.16022465
NISN,323446.58,363923.39,162,40476.81,12.51421796
DG,72963.01,81435.59,38,8472.58,11.612158
SSBK,7983.76,8850.03,4,866.27,10.85040131
PBF,51628.51,56563.29,26,4934.78,9.558246016
AMR,119223.49,130207.38,61,10983.89,9.212857299
ENPH,175644.94,191734.45,90,16089.51,9.160246802
ELTK,171829.9,187232.03,86,15402.13,8.963591319
DRCT,85949.11,93564.72,43,7615.61,8.860603676
VIA,123534.28,134042.11,62,10507.83,8.506003354
ASC,43914.03,47237.72,22,3323.69,7.568628978
BPT,93671.28,100659.64,47,6988.36,7.460515112
SLVM,53631.01,57621.96,27,3990.95,7.441497
MNST,82650.22,88564.16,42,5913.94,7.155383252
ERF,95771.44,102549.86,48,6778.42,7.077705003
UONE,215741.26,230934.81,108,15193.55,7.042486912
HDSN,123831.86,132421.11,62,8589.25,6.936219806
TALO,57731.22,61733.74,29,4002.52,6.933025147
AMPH,27819.27,29740.14,14,1920.87,6.904818135
EDRY,149401.51,159511.33,75,10109.82,6.766879398
PNT,61883.04,66048.79,31,4165.75,6.731650546
SBOW,129146.34,137534.18,65,8387.84,6.49483369
CVX,40507.15,43080.1,21,2572.95,6.351841588
SMCI,51320.35,54579.9,26,3259.55,6.351379131
ARL,49755.08,52912.43,25,3157.35,6.345784189
PHX,61957.45,65872.33,31,3914.88,6.318659015
LMST,19922.42,21178.07,10,1255.65,6.302698166
CLFD,114627.69,121783.85,58,7156.16,6.242959271
CAR,130292.48,138394.31,68,8101.83,6.218186959
CPRT,95708.96,101653.96,49,5945,6.211539651
VIASP,35808.11,38009.3,18,2201.19,6.147182859
WFRD,49648.18,52675.81,25,3027.63,6.098169157
TECTP,5989.48,6352.44,3,362.96,6.059958461
DLTR,38904.31,41246,20,2341.69,6.01910174
OXY,45335.07,48053.94,23,2718.87,5.997277604
AFBI,15948.06,16898.91,8,950.85,5.962167185
VOC,95875.69,101558.31,48,5682.62,5.927070773
BELFB,41787.56,44247.91,21,2460.35,5.887757026
UTHR,63618.72,67353.3,33,3734.58,5.870253284
IT,43033.15,45558.96,23,2525.81,5.869451806
AR,53503.89,56620.53,27,3116.64,5.825071785
NRP,65497.12,69312.06,33,3814.94,5.824591982
EQT,51432.64,54395.9,26,2963.26,5.761438651
ARLP,37817.72,39996.27,19,2178.55,5.760659289
WMS,105688.87,111740.59,54,6051.72,5.725976633
EPAM,133880.83,141503.29,73,7622.46,5.693466346
PCAR,62527.6,66058.59,32,3530.99,5.647090245
ERIE,17322.2,18294.2,9,972,5.611296487
AVNW,91653.77,96764.08,46,5110.31,5.575668082
DVAX,127676.12,134771.3,64,7095.18,5.557170754
CPE,150341.38,158688.11,76,8346.73,5.551851393
RYI,115352.56,121729,58,6376.44,5.527783692
BELFA,33776.48,35616.58,17,1840.1,5.447873787
DVN,43313.4,45664.76,22,2351.36,5.428712592
CNQ,33584.52,35406.7,17,1822.18,5.425654438
AMPY,75881.23,79972.92,38,4091.69,5.392229409
TGLS,165431.89,174294.53,83,8862.64,5.357274223
RH,172344.88,181569.43,93,9224.55,5.352378324
MCK,75211.93,79237.49,39,4025.56,5.352289191
SHLS,89566.1,94302.49,45,4736.39,5.288150316
CPG,57889.94,60950.4,29,3060.46,5.286687117
HEI,36567.24,38488.1,19,1920.86,5.25295319
MPC,29151.92,30682.53,15,1530.61,5.250460347
CARR,85226.76,89693.68,43,4466.92,5.241217664
FCN,68009.37,71572.46,35,3563.09,5.239116316
CVE,47777.25,50277.83,24,2500.58,5.233829909
TECK,83447.34,87800.49,42,4353.15,5.216643215
VLO,40812.51,42937.18,21,2124.67,5.20592828
UONEK,183828.39,193339.7,92,9511.31,5.174015831
SJT,205763.25,216398.01,103,10634.76,5.168444802
PDD,86770.4,91188.47,44,4418.07,5.091678729
TNK,180437.48,189575.59,91,9138.11,5.064418989
VET,61674.65,64795.92,31,3121.27,5.060863742
HRB,59644.04,62649.62,30,3005.58,5.039195869
KNSL,110576.97,116141.93,58,5564.96,5.032657343
HPK,139422.3,146400.79,70,6978.49,5.005289685
TRI,35239.15,36994.42,18,1755.27,4.981022528
MRNA,135506.92,142254.18,71,6747.26,4.979273383
EMO,63660.2,66825.44,32,3165.24,4.97208617
PEO,47796.37,50157.86,24,2361.49,4.940730855
AAWW,96876.14,101659.2,49,4783.06,4.937294157
DOOO,157706.3,165449.38,80,7743.08,4.909810198
ATKR,173510.62,182028.68,88,8518.06,4.909244172
ESEA,157175.27,164869.21,79,7693.94,4.895133948
MARPS,285674.28,299619.9,143,13945.62,4.881650529
SU,37713.42,39550.74,19,1837.32,4.871793648
XPEL,235835.2,247263.13,119,11427.93,4.845727016
VIST,117823.88,123514.7,59,5690.82,4.8299377
XOM,31041.5,32539.63,16,1498.13,4.826216517
HALO,99185.29,103959.95,50,4774.66,4.813879155
ORLY,64008.87,67085.4,36,3076.53,4.806411986
CTAS,76103.63,79747.08,41,3643.45,4.78748517
INMD,234002.54,245204.64,118,11202.1,4.787170259
WST,90178.11,94492.19,49,4314.08,4.783954776
UNVR,55636.04,58296.7,28,2660.66,4.782259845
EXLS,78544.85,82292.2,40,3747.35,4.770968434
ZYXI,239278.23,250689.38,120,11411.15,4.768987969
TSLA,118123.72,123750.79,71,5627.07,4.763708762
DK,89350.26,93562.06,45,4211.8,4.713808331
AGCO,121080.63,126787.23,62,5706.6,4.713057737
HES,78106.24,81780.66,40,3674.42,4.704387255
LAZY,189379.08,198271.53,95,8892.45,4.695582004
FE,29716.76,31110.77,15,1394.01,4.690989193
IDT,99102.64,103728.34,50,4625.7,4.667585041
GER,41915.2,43871.15,21,1955.95,4.666445585
PAG,60267.7,63078.01,31,2810.31,4.663045047
VNOM,41665.1,43605.97,21,1940.87,4.658263151
TSCO,83051.13,86912.63,43,3861.5,4.649545407
WNS,74637.14,78105.83,38,3468.69,4.647404764
VIVO,143374.49,150037.42,72,6662.93,4.647221413
APA,117118.94,122551.23,59,5432.29,4.63826773
EOG,80171.64,83888.35,41,3716.71,4.635941088
METC,205553.17,215027.52,103,9474.35,4.609196735
GMAB,107078.67,112013.63,54,4934.96,4.608723661
MSI,72543,75871.92,38,3328.92,4.588892105
CTR,61588.72,64400.29,31,2811.57,4.565072955
MUSA,92572.38,96790.4,48,4218.02,4.556456256
LAD,147909.25,154633.41,78,6724.16,4.546138933
TWI,55828.32,58361.37,28,2533.05,4.537213371
CROX,202705.99,211892.43,103,9186.44,4.531903571
EGLE,116661.49,121947.45,59,5285.96,4.531023905
NUE,85249.8,89105.78,44,3855.98,4.523154307
AVID,213126.07,222744.12,107,9618.05,4.512845378
ACLS,114298.82,119452.92,58,5154.1,4.509320394
EME,91698.26,95818.53,47,4120.27,4.493291367
PPC,49696.37,51927.8,25,2231.43,4.490126744
JFIN,57971.64,60569.39,29,2597.75,4.481070399
LDOS,80293.78,83871.55,41,3577.77,4.455849507
ZIM,142585.46,148919.72,72,6334.26,4.442430526
BBW,59789.73,62432.25,30,2642.52,4.419688799
AMTD,169807.77,177300.02,85,7492.25,4.412195037
HOVNP,89766.52,93706.7,45,3940.18,4.389364765
CCRD,182554.06,190561.46,92,8007.4,4.386317127
FANG,93470.59,97569.81,48,4099.22,4.385571975
DEN,100433.92,104838.24,51,4404.32,4.385291344
GEO,95817.96,100014.62,48,4196.66,4.379826079
CIVI,51104.9,53340.63,26,2235.73,4.374785979
TMST,121526.01,126811.18,61,5285.17,4.349003148
DQ,262859.46,274207.98,133,11348.52,4.317333681
WIRE,77699.06,81032.99,40,3333.93,4.29082411
LLY,79991.14,83420.81,42,3429.67,4.287562348
KFS,15971.6,16654.92,8,683.32,4.278344061
HZO,164651.79,171692.76,83,7040.97,4.276279049
HD,71898.73,74967.82,38,3069.09,4.268628945
FICO,111859.4,116628.39,62,4768.99,4.263378849
BKNG,65578.97,68371.79,66,2792.82,4.258712816
ABG,170387.84,177621.9,88,7234.06,4.245643351
QDEL,164060.79,171014.62,85,6953.83,4.23856913
ZYME,85830.39,89461.24,43,3630.85,4.230261566
CCBG,29804.19,31064.33,15,1260.14,4.228063235
OLN,83068.22,86565.47,42,3497.25,4.210093824
BJ,116859.12,121776.85,59,4917.73,4.208255205
ADM,43041.94,44853.09,22,1811.15,4.207872601
MTD,70065.48,73010.14,50,2944.66,4.202725793
FUTU,83043.42,86528.89,42,3485.47,4.197165772
TS,39750.84,41409.93,20,1659.09,4.173723121
PAM,79642.95,82966.28,40,3323.33,4.172786166
LGIH,181697.79,189260.74,93,7562.95,4.16237864
RMD,87475.3,91115.94,46,3640.64,4.161906275
VC,138415.72,144158.23,71,5742.51,4.148741198
SM,59457.28,61921.8,30,2464.52,4.14502648
TT,89353.17,93052.98,46,3699.81,4.140658916
VCTR,151200.35,157442.18,76,6241.83,4.128184888
PG,40745.85,42425.65,21,1679.8,4.122628439
PXD,71897.83,74861.2,38,2963.37,4.121640389
AAPL,100226.94,104357.58,52,4130.64,4.121287151
GPC,78294.3,81516.1,40,3221.8,4.114986659
EGY,145849.95,151842.62,73,5992.67,4.108791261
FCX,154978.48,161314.72,78,6336.24,4.088464411
SENEB,80965.11,84275.13,41,3310.02,4.088205401
DMLP,59575.53,62005.68,30,2430.15,4.079107647
LRCX,148956.29,155030.4,82,6074.11,4.077780133
MMC,58216,60588.83,30,2372.83,4.075906967
PSX,52798.32,54947.96,27,2149.64,4.071417424
SWN,65904.51,68578.42,33,2673.91,4.057248889
SRTS,125755.87,130857.19,63,5101.32,4.056526347
ANET,125536,130620.85,66,5084.85,4.050511407
SIFY,125943.48,131031.32,63,5087.84,4.039780384
ADP,61130.98,63597.26,32,2466.28,4.034419209
RILYM,27848.28,28970.93,14,1122.65,4.031308217
PVL,65950.26,68607.87,33,2657.61,4.029718761
GSMG,193866.57,201677.75,97,7811.18,4.029152628
TITN,49687.19,51685.8,25,1998.61,4.022384844
COP,96360.72,100218.21,49,3857.49,4.003176813
BAH,74665.9,77650.73,38,2984.83,3.997581225
MSCI,103503.68,107639.49,57,4135.81,3.995809618
BGR,59857.21,62246.39,30,2389.18,3.99146569
ASML,124625.34,129589.14,70,4963.8,3.982978101
HSON,103255.86,107348.02,52,4092.16,3.963126161
ARCH,134505.37,139819.82,69,5314.45,3.95110619
NBN,103465.27,107551.48,52,4086.21,3.949354213
IDXX,102523.78,106546.33,57,4022.55,3.923528766
IIIN,79373.73,82487.84,40,3114.11,3.923350963
CASH,115019.96,119532.08,58,4512.12,3.922901729
GAMB,115729.5,120267.7,58,4538.2,3.921385645
AN,121433.95,126184.57,62,4750.62,3.912102011
BDC,65194.19,67744.44,33,2550.25,3.91177496
ULTA,121250.85,125991.92,65,4741.07,3.910133413
SCI,84877.36,88193.73,43,3316.37,3.907249236
MOH,119762.6,124436.08,63,4673.48,3.902286691
GNE-PA,25960.27,26973.3,13,1013.03,3.902232142
STZ-B,22576.03,23454.96,12,878.93,3.8932
AMAT,154535.54,160528.1,79,5992.56,3.877787595
THC,130497.14,135553.01,66,5055.87,3.874314793
AMN,83604.23,86838.53,43,3234.3,3.868584161
DOV,83318.4,86539.85,43,3221.45,3.866432865
WM,52273.12,54288.43,27,2015.31,3.855346687
HCA,103938.14,107943.22,54,4005.08,3.853330452
LULU,132659.36,137757.93,71,5098.57,3.84335489
COST,59636.55,61926,33,2289.45,3.839004771
ACN,75152.96,78037.92,40,2884.96,3.838784261
PARR,51797,53785.02,26,1988.02,3.838098732
EVC,91880.39,95406.29,46,3525.9,3.837489153
PTSI,100862.24,104728.8,51,3866.56,3.833505978
PRPH,135723.6,140915.1,68,5191.5,3.82505327
ZEUS,121111.52,125729.41,61,4617.89,3.812923824
TPL,141071.26,146449.02,95,5377.76,3.812087593
LAKE,147216.26,152820.68,74,5604.42,3.806930023
MLI,122825.92,127497.19,62,4671.27,3.803163046
DFS,143348.88,148800.17,73,5451.29,3.802813109
SYY,29563.88,30688.08,15,1124.2,3.802613189
APAM,130878.62,135851.54,66,4972.92,3.799642753
CBZ,39670.35,41176.64,20,1506.29,3.797017168
SBSW,185399.16,192430.97,93,7031.81,3.792794962
III,173798.87,180379.16,87,6580.29,3.78615235
AEHR,99652.31,103413.49,50,3761.18,3.774302874
BBY,137019.56,142173.55,70,5153.99,3.761499453
ESTE,155597.61,161447.46,78,5849.85,3.759601449
ODFL,104985.43,108931.53,56,3946.1,3.758712042
RJF,107806.51,111849.74,55,4043.23,3.750450692
JBL,134833.47,139877.43,68,5043.96,3.740881252
UNH,76028.46,78866.89,41,2838.43,3.733378264
HAL,49617.68,51469.83,25,1852.15,3.732842809
TGT,93912.42,97409.84,49,3497.42,3.724129354
TREX,167362.72,173590.45,85,6227.73,3.721097506
CASY,74654.23,77429.02,39,2774.79,3.716855696
CRT,193464.5,200642.74,97,7178.24,3.710365468
BSIG,143576.04,148890.24,72,5314.2,3.701313952
LKQ,43461.22,45069.72,22,1608.5,3.70100057
COWNL,27833.46,28862.83,14,1029.37,3.698318499
ATEN,99737.68,103424.83,50,3687.15,3.696847571
IMKTA,82887.57,85949.29,42,3061.72,3.693822849
CHH,56310.76,58389.54,29,2078.78,3.691621282
SSD,107535.71,111503.47,55,3967.76,3.689713863
FIZZ,160033.97,165937.66,81,5903.69,3.689023024
AIT,76669.22,79494.58,39,2825.36,3.685129443
VALU,215847.91,223799.39,109,7951.48,3.683834604
AON,60301.64,62522.89,32,2221.25,3.683564825
BLK,88135.51,91377.99,52,3242.48,3.678971166
CHDN,88090.91,91328.4,46,3237.49,3.675169209
FDS,77479.55,80321.43,42,2841.88,3.66790979
AFL,37441.05,38811.91,19,1370.86,3.66138236
CARE,57847.86,59961.08,29,2113.22,3.653065126
CSGP,78604.15,81473.03,40,2868.88,3.64978185
ASIX,79370.15,82266.81,40,2896.66,3.64955843
LW,96408.98,99923.42,49,3514.44,3.645345071
FIF,31892.58,33053.16,16,1160.58,3.639028263
WFG,143861.39,149080.95,73,5219.56,3.628186826
ARCB,96085.65,99571.27,49,3485.62,3.627617652
LRN,101256.41,104929.46,51,3673.05,3.627474053
FHN,77780.31,80600.89,39,2820.58,3.626341937
OTIS,53298.12,55220.96,27,1922.84,3.607706989
ADBE,101499.28,105156.63,56,3657.35,3.603326053
SRV,55655.96,57658.9,28,2002.94,3.598787982
RGA,21365.5,22133.68,11,768.18,3.595422527
HUM,91136,94412.5,50,3276.5,3.59517644
MTH,140709.1,145756.47,72,5047.37,3.587095646
COKE,99738.19,103307.86,54,3569.67,3.579040285
SLM,121638.56,125992.03,61,4353.47,3.579021324
APH,80317.65,83189.6,41,2871.95,3.575739579
POOL,99227.11,102772.03,54,3544.92,3.572531741
GIS,60925.23,63100.35,31,2175.12,3.570146555
PAYC,167272.32,173240.83,90,5968.51,3.568139666
CPSH,77941.82,80719.88,39,2778.06,3.564273967
AA,126536.94,131038.09,64,4501.15,3.55718259
WTS,89398.06,92577.19,46,3179.13,3.556150995
SGH,145296.32,150463.27,73,5166.95,3.556146501
RCII,146729.76,151938.22,74,5208.46,3.549695713
UFPI,141892.55,146920.47,72,5027.92,3.543470041
X,127327.45,131818.42,64,4490.97,3.527102757
GNRC,176584.84,182810,93,6225.16,3.525308288
FINV,293685.75,304029.43,147,10343.68,3.522023115
FLR,41740.71,43210.46,21,1469.75,3.521142788
RVLV,249738.11,258517.97,126,8779.86,3.51562683
AFG,48661.07,50371.12,25,1710.05,3.514205503
MLACW,31997.68,33122.08,16,1124.4,3.514004765
HLI,82467.57,85363.93,42,2896.36,3.512119976
HRMY,95106.6,98439.59,48,3332.99,3.504478133
CRVL,112907.52,116860.23,58,3952.71,3.500838562
TPH,143452.97,148473.99,72,5021.02,3.500115752
AMP,96273.11,99641.93,51,3368.82,3.499232548
PAGS,250196.42,258949.87,126,8753.45,3.498631195
OTTR,33421.31,34589.95,17,1168.64,3.496691183
LMT,63400.49,65616.64,35,2216.15,3.495477716
ABC,60410.69,62520.44,31,2109.75,3.492345477
TER,156255.48,161707.05,80,5451.57,3.488882438
HIMX,125690.11,130070.22,63,4380.11,3.484848569
YETI,169832.05,175750.41,86,5918.36,3.484831043
VALE,133558.94,138208.93,67,4649.99,3.481601456
WLK,60499.99,62605.92,31,2105.93,3.480876608
VIPS,237188.15,245442.42,119,8254.27,3.480051596
LOGI,122021.79,126260.8,62,4239.01,3.473977885
ASO,104975.04,108612.05,53,3637.01,3.464642643
DOX,45403.37,46976.04,23,1572.67,3.463773724
AAON,94672.91,97945.62,48,3272.71,3.456860046
TDG,45322.38,46889.03,26,1566.65,3.456680783
PFG,27428.04,28372.63,14,944.59,3.443884434
HCC,139058.57,143840.77,70,4782.2,3.438982581
UAN,60162.09,62228.29,31,2066.2,3.434388666
INFY,93631.25,96845.11,47,3213.86,3.432465122
EVR,135283.13,139916.3,69,4633.17,3.424795095
BRKR,118418.62,122453.75,60,4035.13,3.407513109
IEX,67405.92,69702.21,35,2296.29,3.406659237
BCH,29841.84,30857.4,15,1015.56,3.403141361
CSV,142997.5,147852.49,72,4854.99,3.395157258
WAL,159336.99,164745.95,81,5408.96,3.394666863
FMC,95618.11,98856.55,49,3238.44,3.386847952
DHI,141665.09,146461.95,72,4796.86,3.386056508
IPG,115250.75,119142.11,58,3891.36,3.376429221
ITUB,39957.79,41305.81,20,1348.02,3.373610002
ISIG,89770.95,92796.07,45,3025.12,3.369820638
MHO,174217,180087.19,88,5870.19,3.369470258
ASAI,75665.61,78213.44,38,2547.83,3.367223234
CSWI,80280.42,82983.48,41,2703.06,3.367022744
CVCO,163867.36,169384.22,86,5516.86,3.366661915
CDW,100264.76,103634.83,52,3370.07,3.361170964
BLMN,41726.37,43125.59,21,1399.22,3.35332309
LSXMB,25782.31,26644.45,13,862.14,3.343920696
JD,120355.97,124379.86,61,4023.89,3.343323975
NXST,120386.11,124392.4,62,4006.29,3.32786731
LOW,104079.06,107534.9,54,3455.84,3.320398935
MPWR,132938.9,137351.3,72,4412.4,3.319118783
KLAC,151199.97,156216.14,81,5016.17,3.31757341
CBNK,109577.52,113203.42,55,3625.9,3.308981623
CZWI,27918.18,28840.21,14,922.03,3.302614999
PAYX,76211.38,78723.34,39,2511.96,3.296043189
MNTK,71784.68,74148.84,36,2364.16,3.293404665
KFY,124501.69,128589.51,63,4087.82,3.283344989
HEI-A,42905.28,44312.45,22,1407.17,3.279712893
DKS,121395.69,125371.93,62,3976.24,3.275437538
PIPR,85661.43,88461.53,44,2800.1,3.268799038
BRO,75097.03,77549.49,38,2452.46,3.265721694
YUM,62711.25,64749.44,32,2038.19,3.250118599
IAA,104821.36,108227.42,53,3406.06,3.249394971
SUP,139814.3,144353.53,70,4539.23,3.246613544
WGO,126320.1,130417.45,64,4097.35,3.243624728
PHM,144516.53,149176.93,73,4660.4,3.22482141
WMK,78862.26,81398.25,40,2535.99,3.215720676
DGX,74032.2,76407.78,38,2375.58,3.208846961
EXPO,82249.79,84879.74,42,2629.95,3.197515763
CAJ,25839.52,26663.99,13,824.47,3.190732645
OMAB,132273.5,136489.45,67,4215.95,3.187297531
SANM,130836.42,135002.08,66,4165.66,3.183868834
QFIN,314722.64,324701.75,158,9979.11,3.170763311
PUMP,119647.36,123439.86,60,3792.5,3.169731451
CSGS,80945.17,83507.8,41,2562.63,3.16588377
NSSC,167278.62,172568.98,84,5290.36,3.162603804
HLIT,33887.64,34959.02,17,1071.38,3.161565692
TX,83347.16,85976.66,42,2629.5,3.154876543
DXC,39710.73,40963.43,20,1252.7,3.154563011
GRMN,80264.02,82792.64,41,2528.62,3.150377965
DVA,105855.38,109184.48,54,3329.1,3.144951159
WNC,79682.91,82184.99,40,2502.08,3.140045965
PDEX,196978.82,203143.9,99,6165.08,3.129818729
HOLX,74825.12,77162.52,38,2337.4,3.123817242
KO,49445.09,50989.21,25,1544.12,3.122898553
FBK,85356.02,88020.54,43,2664.52,3.121654454
ABM,77183.67,79590.81,39,2407.14,3.118716692
SCCO,136356.52,140591.35,69,4234.83,3.105704076
FCNCA,64406.87,66405.81,38,1998.94,3.103613015
RLI,84029.94,86637.58,43,2607.64,3.103227254
EQNR,87405.02,90114.95,44,2709.93,3.100428328
STBA,41728.97,43021.84,21,1292.87,3.098255241
V,72378.78,74620.67,38,2241.89,3.09744099
MBCN,95501.53,98458.32,48,2956.79,3.096065581
ZBRA,127864.92,131818.97,69,3954.05,3.092364974
FAST,81053.93,83556.15,41,2502.22,3.087105092
PAC,151912.17,156597.67,78,4685.5,3.084348015
MDC,164643.67,169721.85,83,5078.18,3.084345727
ISTR,11939.67,12307.77,6,368.1,3.082999781
VBFC,81124.01,83623.89,41,2499.88,3.081553784
HON,80214.5,82686.29,42,2471.79,3.081475294
NBIX,87961.1,90671.12,45,2710.02,3.080930093
ASR,72384.16,74611.43,38,2227.27,3.077012982
FWRD,74182.5,76459.39,38,2276.89,3.069308799
MBUU,193515.15,199439.64,98,5924.49,3.061512238
LVLU,103812.41,106990.25,52,3177.84,3.06113691
GRVY,253173.34,260900.2,129,7726.86,3.052003817
CLPS,147903.54,152416.91,74,4513.37,3.051563201
ABB,51669.22,53244.74,26,1575.52,3.049242857
SPLP-PA,11937.91,12300.64,6,362.73,3.038471558
WRB,19705.7,20304.23,10,598.53,3.037344525
KSS,194274.94,200172.39,98,5897.45,3.035620549
SFL,63874.49,65813.25,32,1938.76,3.035264939
PLUS,128599.71,132500.74,65,3901.03,3.033467183
AIG,45387.68,46762.74,23,1375.06,3.029588646
HLT,71525.72,73690.91,37,2165.19,3.027148835
CVS,80363.12,82792.05,41,2428.93,3.022443628
AEL,35714.19,36793.43,18,1079.24,3.021880099
VRSK,75147.78,77415.54,39,2267.76,3.017733857
QCOM,137445.03,141591.07,71,4146.04,3.016507763
PJT,114510.13,117960.06,58,3449.93,3.012772756
ABBV,33051.2,34046.39,17,995.19,3.011055574
ITW,76357.01,78653.81,40,2296.8,3.007975299
RGP,47806.83,49244.67,24,1437.84,3.007603725
PRG,194181.13,200021.16,98,5840.03,3.007516745
VGR,143544.98,147862,72,4317.02,3.007433628
CBT,86801.45,89411.63,44,2610.18,3.007069582
CDNS,99353.49,102336.41,51,2982.92,3.002330366
SQM,149703.2,154188.22,76,4485.02,2.995941303
SCPL,173322.88,178513.48,87,5190.6,2.99475753
HOG,85143.66,87692.39,43,2548.73,2.993446605
PGC,119281.62,122837.8,60,3556.18,2.981331072
ACM,45194.7,46541.58,23,1346.88,2.980172454
BWXT,86722.89,89303.89,44,2581,2.976146205
URI,33658.02,34652.03,18,994.01,2.953263442
SNBR,215111.46,221458.79,109,6347.33,2.950716805
CI,18792.58,19347.05,10,554.47,2.950473006
SF,120662.47,124220.07,61,3557.6,2.948389835
AEIS,137379.74,141430.17,70,4050.43,2.94834595
FN,39187.23,40341.73,20,1154.5,2.946112803
TTGT,133876.45,137819.19,68,3942.74,2.945058672
ASLE,85738.58,88262.7,43,2524.12,2.943972247
SBUX,91580.43,94264.73,47,2684.3,2.931084731
GWW,86703.68,89239.59,47,2535.91,2.924800885
MOS,55328.25,56945.86,28,1617.61,2.923660156
HOLI,159404.32,164061.1,80,4656.78,2.921363737
APD,79046.15,81352.07,42,2305.92,2.917181925
MED,175313.54,180427.43,91,5113.89,2.916996599
SHW,75250.24,77444.27,43,2194.03,2.915645186
G,83048.38,85469.6,42,2421.22,2.915433149
VIRT,97410.08,100248.11,49,2838.03,2.913486982
NLOK,71591.9,73677.1,36,2085.2,2.912620003
NKE,99327.12,102217.58,51,2890.46,2.910041084
GPRK,129481,133230.02,65,3749.02,2.89542095
RICK,41258.75,42452.29,21,1193.54,2.892816675
DX-PC,35843.46,36878.58,18,1035.12,2.887890845
CMC,127218.4,130891.07,64,3672.67,2.88690158
PKBK,117503.01,120894.49,59,3391.48,2.886292019
HCKT,101609.19,104536.58,51,2927.39,2.881028773
SSP,85665.64,88129.47,43,2463.83,2.876100616
SSBI,81752.69,84103.92,41,2351.23,2.876027688
BBVA,123870.45,127428.25,62,3557.8,2.872194297
MCFT,117298.48,120665.27,59,3366.79,2.870275898
SID,209806.52,215814.96,105,6008.44,2.86380042
RY,35105.43,36104.2,18,998.77,2.845058443
STC,102748.91,105667.17,52,2918.26,2.840185847
EWBC,154222.73,158594.69,78,4371.96,2.834835047
RO.SW,52148.2,53620.47,28,1472.27,2.823242221
GGG,80885.07,83168.57,41,2283.5,2.823141527
BVH,81557.75,83859.4,41,2301.65,2.822110713
SFM,123230,126702.48,62,3472.48,2.817885255
AB,122939.69,126400.24,62,3460.55,2.814835469
DOW,96894.15,99621.55,49,2727.4,2.814824218
TTMI,39863.93,40985.87,20,1121.94,2.814423967
SBS,193633,199078.23,97,5445.23,2.81213946
SII,77217.71,79387.85,39,2170.14,2.810417455
MT,89381.64,91892.91,45,2511.27,2.809603852
ABCB,128757.46,132369.99,65,3612.53,2.805685977
NVDA,149952.06,154158.39,80,4206.33,2.805116515
MSFT,90759.14,93304.98,48,2545.84,2.805050819
VRTX,81542.6,83825.8,43,2283.2,2.80000883
SCX,145744.85,149823.13,73,4078.28,2.798232665
TGNA,115514.74,118745.45,58,3230.71,2.796794591
KLIC,148463.7,152612.69,75,4148.99,2.794615788
CMI,83731.87,86065.84,44,2333.97,2.787433268
ETD,73569.76,75619.15,37,2049.39,2.785641818
TTEC,147862.48,151979.38,75,4116.9,2.784276309
RBB,69590.19,71520.82,35,1930.63,2.774284709
GNE,159701.33,164131.84,80,4430.51,2.774247403
GGB,163822.85,168363.7,82,4540.85,2.771805032
TSM,123898.8,127332.05,63,3433.25,2.771011503
NDSN,53488.83,54970.55,28,1481.72,2.770148459
ZI,65246.73,67052.92,33,1806.19,2.76824601
ORCL,84452.27,86788.88,43,2336.61,2.766781757
OFLX,171095.42,175819.18,88,4723.76,2.760892138
AGYS,47486.77,48797.47,24,1310.7,2.760137192
CORT,169278.55,173949.5,85,4670.95,2.759327747
CACC,92972.15,95534.48,53,2562.33,2.756018872
SIVB,89792.36,92260,51,2467.64,2.748162539
ZTS,82362.45,84624.62,43,2262.17,2.74660358
RIO,121989.96,125339.89,62,3349.93,2.74607025
BBSI,125877.33,129332.35,64,3455.02,2.744751577
RACE,89131.67,91577.87,47,2446.2,2.744479039
SRCE,39560.91,40643.78,20,1082.87,2.737222172
LZB,142936.39,146846.06,72,3909.67,2.735251674
HTH,107371.43,110288.78,54,2917.35,2.717063562
IOSP,72098.32,74050.65,37,1952.33,2.707871695
AIN,119911.35,123153.06,61,3241.71,2.703422153
SYF,95152.84,97724.87,48,2572.03,2.703051217
ALB,54129.31,55591.29,29,1461.98,2.700902709
KR,101030.85,103758.03,51,2727.18,2.699353712
HESM,67665.67,69491.54,34,1825.87,2.698369794
HVT,147116.44,151080.67,74,3964.23,2.694620669
DXLG,65912.35,67684.74,33,1772.39,2.689010481
ROCK,63382.43,65086.45,32,1704.02,2.688473762
REGN,99741.31,102419.24,56,2677.93,2.684875504
PBR-A,135583.47,139220.26,68,3636.79,2.682325508
FORTY,145210.24,149093.9,74,3883.66,2.674508354
TK,135911.67,139545.58,68,3633.91,2.673729195
SHBI,83742.88,85975.87,42,2232.99,2.666483407
PLCE,226915.61,232946.22,115,6030.61,2.657644399
ABMD,146536.38,150427.69,79,3891.31,2.65552486
SSTK,133860.12,137398.74,68,3538.62,2.643520714
HQI,143505.5,147291.22,72,3785.72,2.638031295
CUBI,96912.88,99468.58,49,2555.7,2.637110774
MMI,115125.42,118160.91,58,3035.49,2.636680935
CTRN,187633.03,192579.18,95,4946.15,2.636076388
PFE,57222.79,58730.78,29,1507.99,2.635296182
CARG,168943,173388.08,85,4445.08,2.631112269
MAN,119678.36,122826.93,61,3148.57,2.630859915
EMR,84553.19,86776.85,43,2223.66,2.629894863
WSM,174575.24,179165.61,90,4590.37,2.629450774
KEYS,120409.52,123572.9,62,3163.38,2.627184296
BG,60878.66,62477.01,31,1598.35,2.625468432
ZION,118863.57,121984.29,60,3120.72,2.625463799
TSEM,21744.17,22314.16,11,569.99,2.621346319
BIIB,116762.65,119822.16,62,3059.51,2.6202814
NSIT,43028.75,44153.97,22,1125.22,2.615042268
LSCC,116296.57,119335.9,59,3039.33,2.613430473
ELS,82575.64,84733.11,42,2157.47,2.612719683
WHD,166652.83,171003.62,84,4350.79,2.61069074
NVMI,88131.99,90427.66,45,2295.67,2.604808992
LEN,74252.3,76181.8,38,1929.5,2.598572704
NFLX,115823.55,118831.32,64,3007.77,2.596855303
HPQ,63423.41,65069.61,32,1646.2,2.595571572
BR,79154.95,81208.71,41,2053.76,2.59460716
PANL,201798.47,207020.42,101,5221.95,2.587705447
DIOD,125904.73,129162.77,64,3258.04,2.587702622
ZIONO,31775.58,32597.31,16,821.73,2.586042489
PERI,55722.51,57163.17,28,1440.66,2.585418352
GOOG,48831.1,50092.01,52,1260.91,2.582186353
UMC,153722.3,157687.55,77,3965.25,2.579489118
EXPD,82218.29,84333.25,42,2114.96,2.572371671
SOI,111644.07,114515,56,2870.93,2.571502454
TGS,213606.09,219091.55,107,5485.46,2.568026033
EQBK,51648.6,52974.04,26,1325.44,2.566265107
OEC,113526.6,116434.64,57,2908.04,2.561549452
PFIS,37549.09,38503.45,19,954.36,2.541632833
EW,112653.63,115514.05,58,2860.42,2.539128122
CVLT,57229.17,58680.56,29,1451.39,2.536101782
BKE,204610.79,209794.35,103,5183.56,2.533375684
JWN,206824.04,212062.13,104,5238.09,2.53263112
ENSG,104228.66,106867.69,53,2639.03,2.531961938
BCE,45553.45,46706.27,23,1152.82,2.530697455
ALGN,119771.16,122793.94,66,3022.78,2.523796213
RGEN,57398.24,58845.26,30,1447.02,2.521018066
MTG,43854.37,44959.91,22,1105.54,2.52093463
FGBI,51722.48,53024.68,26,1302.2,2.517667366
AAP,110920.01,113708.04,58,2788.03,2.51355008
IBOC,91185,93473.06,46,2288.06,2.509250425
SPWH,103803.41,106405.03,52,2601.62,2.506295313
SJM,54376.05,55737.42,28,1361.37,2.50362062
CHD,60781.51,62301.82,31,1520.31,2.501270534
SEE,108909.72,111632.83,55,2723.11,2.500336976
ZUMZ,210338.44,215594.05,106,5255.61,2.498644565
AYI,137766.04,141193.98,71,3427.94,2.488232949
K,55128.85,56500.54,28,1371.69,2.488152755
WOR,170203.39,174435.11,86,4231.72,2.486272453
FIVE,145075.62,148679.4,75,3603.78,2.484070032
PM,78457.8,80403.59,40,1945.79,2.480046598
CIB,33715.45,34551.43,17,835.98,2.479516068
AVY,86560.55,88705.67,45,2145.12,2.478172793
FLO,63508.55,65076.59,32,1568.04,2.469021888
TROW,106272.54,108894.51,55,2621.97,2.467213073
MAS,114543.73,117363.2,58,2819.47,2.461479122
LOMA,37943.56,38873.39,19,929.83,2.45056078
EFSC,47433.54,48592.48,24,1158.94,2.443292236
WH,70904.75,72635.74,36,1730.99,2.441289194
CCSI,69090.19,70775.3,35,1685.11,2.439000385
BHP,116184.96,119016.11,59,2831.15,2.436761178
CB,28277.86,28965.74,15,687.88,2.432574459
MPX,199425.85,204274.74,100,4848.89,2.431425013
PLOW,47567.69,48724.04,24,1156.35,2.430956811
EXPE,75381.26,77209.9,39,1828.64,2.425854914
AWI,70577.13,72287.64,36,1710.51,2.423603793
ZTO,139172.43,142545.3,70,3372.87,2.423518796
WMT,58101.71,59506.07,30,1404.36,2.417071718
RGR,114329.72,117088.32,58,2758.6,2.412845934
DX,85693.1,87758.21,43,2065.11,2.409890645
HURN,51301.7,52537.64,26,1235.94,2.40915993
HLNE,141596.1,144999.5,72,3403.4,2.403597274
KEN,81169.32,83116.94,41,1947.62,2.39945339
EEX,75946.81,77767.89,38,1821.08,2.397836064
CSX,88687.66,90813.11,45,2125.45,2.396556635
MKTX,116685.11,119481.18,65,2796.07,2.396252615
SHEL,69192.26,70850.17,35,1657.91,2.396091702
CNC,137886.99,141188.97,70,3301.98,2.394700182
KMB,52109.89,53357.61,27,1247.72,2.394401523
SNV-PD,31848.7,32609.79,16,761.09,2.389705074
GOLF,85050.76,87080.8,43,2030.04,2.386856978
HIG,35480.82,36327.66,18,846.84,2.386754308
HMNF,49750.71,50937.47,25,1186.76,2.385413193
OFG,51706.2,52939.39,26,1233.19,2.384994449
WAT,93256.08,95473.09,50,2217.01,2.377335612
VSTO,95094.69,97354.16,48,2259.47,2.376021206
TPZ,33874.57,34678.1,17,803.53,2.372074391
ICL,93790.48,96014.19,47,2223.71,2.370933596
TPR,81241.68,83165.24,41,1923.56,2.367700914
PBR,129629.74,132698.22,65,3068.48,2.367111127
AXR,49841.96,51021.71,25,1179.75,2.366981555
YRD,237696.84,243310.4,119,5613.56,2.361646878
MRVI,134846.98,138010.73,68,3163.75,2.346177868
OZK,89143.42,91231.93,45,2088.51,2.342865015
BERY,92994.41,95172.45,47,2178.04,2.342119274
STVN,79613.69,81474.73,40,1861.04,2.33758792
CLH,33046.58,33818.39,17,771.81,2.335521558
SCHW,100619.3,102969.13,51,2349.83,2.335367072
CSCO,80974.77,82863.95,41,1889.18,2.333047689
CSL,74607.64,76347.67,39,1740.03,2.332241041
HII,85537.08,87526.19,45,1989.11,2.32543594
EAF,233436.46,238864.29,117,5427.83,2.325185192
PZZA,105706.65,108164.5,54,2457.85,2.325161189
STEP,107122.04,109611.77,54,2489.73,2.324199576
EL,114783.45,117447.64,61,2664.19,2.321057609
PFIE,51982.56,53188.48,26,1205.92,2.319854967
XPO,59390.63,60767.58,30,1376.95,2.318463367
ADSK,117377.48,120090.19,62,2712.71,2.311099199
EXK,83926.29,85864.94,42,1938.65,2.309943642
ARCO,115833.83,118506.02,58,2672.19,2.306916727
CTDD,43758.73,44766.87,22,1008.14,2.303860281
DAC,128851.06,131819.41,65,2968.35,2.30370631
GOOGL,46828.51,47905.07,52,1076.56,2.298941393
AUDC,133029.41,136084.6,67,3055.19,2.29662749
CR,39297.93,40199.76,20,901.83,2.294853698
CCS,108545.12,111029.25,55,2484.13,2.28856903
HI,89068.15,91105.87,45,2037.72,2.28782118
FF,71800.91,73443.26,36,1642.35,2.287366553
INCY,76677.15,78429.24,39,1752.09,2.285022331
TJX,84822.61,86757.44,43,1934.83,2.281030966
AXP,112109.36,114665.55,58,2556.19,2.280086159
WIT,103845.79,106200.22,52,2354.43,2.267236833
VIAV,111616.99,114145.82,56,2528.83,2.265631782
OC,70329.64,71922.88,36,1593.24,2.265389102
CHCI,111922.65,114456.79,56,2534.14,2.264188705
GD,76793.56,78531.78,40,1738.22,2.263497095
IMXI,137528.7,140641.29,69,3112.59,2.26322942
NOC,78716.87,80498.4,43,1781.53,2.263212447
SP,29794.49,30467.56,15,673.07,2.259041856
BF-A,82761.38,84627.15,42,1865.77,2.254396918
ARHS,77846.5,79598.17,39,1751.67,2.250158967
UNB,101345.67,103625.64,51,2279.97,2.249696509
ALSN,114813.02,117384.19,58,2571.17,2.239441137
ANF,109389.29,111830.31,55,2441.02,2.231498166
WEYS,99435.47,101653.91,50,2218.44,2.231034861
MMP,88807.13,90783.85,45,1976.72,2.225857316
NSC,64257.47,65687.53,34,1430.06,2.22551557
RUSHB,69138.53,70676.91,35,1538.38,2.225069003
RHI,120084.72,122755.61,61,2670.89,2.224171402
CVBF,105526.5,107869.27,53,2342.77,2.220077421
RUSHA,55245.52,56470.32,28,1224.8,2.217012348
UPS,65230.37,66674.41,34,1444.04,2.213754115
NWLI,23027.99,23537.23,12,509.24,2.211395784
UGP,101900.57,104152.04,51,2251.47,2.209477337
CWBC,61870,63236.48,31,1366.48,2.208631
STX,151541.09,154887.65,77,3346.56,2.208351543
LEG,144550.45,147742.12,73,3191.67,2.207997277
PFBC,43340.73,44297.58,22,956.85,2.207738541
AMGN,71785.72,73368.46,38,1582.74,2.204811765
JKHY,73164.04,74775.88,38,1611.84,2.203049476
CHKP,71528.99,73103.38,37,1574.39,2.20105163
BF-B,86735.57,88643.51,44,1907.94,2.199720368
FELE,110277.39,112696.28,56,2418.89,2.193459602
VRRM,33853.36,34595.09,17,741.73,2.191008514
PPBI,59396.26,60697.14,30,1300.88,2.19017157
SIX,132722.52,135625.42,67,2902.9,2.187194758
TEX,132796.71,135695.36,67,2898.65,2.18277245
GT,57810.68,59072.28,29,1261.6,2.182295728
AJG,22914,23414.05,12,500.05,2.182290303
EEFT,93076.86,95108.02,48,2031.16,2.182239495
ARKO,35906.86,36690.15,18,783.29,2.18144945
APTV-PA,89006.83,90945.39,46,1938.56,2.177990161
DB,85771.02,87636.16,43,1865.14,2.174557327
SPNS,67645.84,69116.28,34,1470.44,2.173733078
BBWI,96944.04,99049.66,49,2105.62,2.171995308
FMAO,146931.15,150112.28,74,3181.13,2.165048051
IHG,59045.6,60320.93,30,1275.33,2.159906919
CHRW,86189.14,88049.22,44,1860.08,2.158137324
USLM,52454.63,53586.27,27,1131.64,2.15736914
SNA,101837.76,104033.42,53,2195.66,2.156037211
SNPS,42408.87,43320.07,23,911.2,2.148607119
DPZ,101110.5,103282.12,55,2171.62,2.147769025
GBCI,126464.37,129177.42,64,2713.05,2.145307805
DE,50358.82,51438.79,28,1079.97,2.144549852
ZIP,63749.28,65115.05,32,1365.77,2.14240851
HONE,37895.68,38707.43,19,811.75,2.142064742
HRL,61307.52,62620.03,31,1312.51,2.140862981
MRAM,161713.69,165168.68,81,3454.99,2.136485785
CTRA,161104.18,164546.07,81,3441.89,2.136437428
THO,93698.42,95692.25,48,1993.83,2.127922755
PPG,104674.07,106901.37,54,2227.3,2.127843123
WEX,36604.02,37382.17,19,778.15,2.1258594
MCD,55299.65,56474.82,29,1175.17,2.125094824
BMY,33552.9,34265.67,17,712.77,2.124317123
ALGM,49663.75,50717.82,25,1054.07,2.122413229
GL,17602.5,17975.73,9,373.23,2.120323818
TXRH,88038.81,89887.31,45,1848.5,2.099642192
ASX,137791.15,140683.67,69,2892.52,2.099205936
FLT,115657.24,118078.93,62,2421.69,2.093850761
LEVI,111441.29,113771.15,56,2329.86,2.09066137
IMOS,115209.38,117615.64,58,2406.26,2.0885973
AMAL,143484.06,146471.08,72,2987.02,2.081778283
ROST,97776.75,99806.67,50,2029.92,2.076076368
ITT,80448.87,82118.06,41,1669.19,2.0748458
DAVA,111806.91,114123.55,57,2316.64,2.072000738
MYFW,95519.32,97485.33,48,1966.01,2.058232827
MOMO,203182.32,207347.07,102,4164.75,2.049760038
CFG,67235.01,68609.76,34,1374.75,2.04469368
FBIZ,19803.08,20206.84,10,403.76,2.038874761
DEO,69292.52,70702.2,36,1409.68,2.034389859
MERC,85706.5,87447.84,43,1741.34,2.031747884
LESL,119453.97,121880.87,60,2426.9,2.031661233
TCI,27818.01,28382.28,14,564.27,2.028434097
HSIC,96243.27,98193.04,49,1949.77,2.025876718
SON,69215.95,70617.94,35,1401.99,2.025530243
SFB,29820.31,30422.8,15,602.49,2.020401532
AIR,97127.27,99086.91,49,1959.64,2.017600206
SMBK,35784.6,36504.45,18,719.85,2.011619523
ESLT,92453.66,94310.82,48,1857.16,2.008746868
RCLFU,1991.66,2031.48,1,39.82,1.999337236
BFC,94568.73,96458.69,48,1889.96,1.998504157
CBSH,76954.25,78489.63,39,1535.38,1.995185451
CALB,19891.73,20288.38,10,396.65,1.994044761
TNL,110745.12,112952.8,56,2207.68,1.993478358
SAP,81896.17,83527.17,42,1631,1.991546125
KRT,81658.19,83283.76,41,1625.57,1.990700504
PLPC,37357.43,38099.3,19,741.87,1.985870013
FUNC,103563.71,105619.22,52,2055.51,1.984778259
UNP,79681.47,81259.65,42,1578.18,1.98061105
VHI,123269.73,125706.62,62,2436.89,1.976876237
MEOH,97221.54,99142.66,49,1921.12,1.976023009
BOH,110134.99,112306.38,56,2171.39,1.971571432
NRG,99303.27,101256.77,50,1953.5,1.967206115
CMG,46897.39,47818.67,32,921.28,1.964459003
CRUS,108284.1,110406.92,55,2122.82,1.960417088
SNV-PE,33823.09,34485.8,17,662.71,1.959341976
SELB,107959.93,110072.06,54,2112.13,1.956401787
RDY,74870.77,76335.53,38,1464.76,1.956384314
MTCH,129557.06,132089.39,66,2532.33,1.954605947
ARCE,57778.99,58900.9,29,1121.91,1.941726569
CRGY,65701.67,66976.55,33,1274.88,1.940407299
COF,69962.22,71319.44,36,1357.22,1.939932724
TSN,96238.91,98101.52,49,1862.61,1.935402219
TCBK,116829.7,119088.2,59,2258.5,1.933155696
ATVI,100100.92,102033.7,51,1932.78,1.930831405
WSFS,126785.19,129231.52,64,2446.33,1.929507697
BUSE,121397.86,123739.72,61,2341.86,1.929078486
GFS,76966.48,78447.32,39,1480.84,1.924006399
DLHC,95661.06,97498.06,48,1837,1.920321602
UEIC,170228.22,173490.81,86,3262.59,1.916597612
FSBW,119290.67,121573.69,60,2283.02,1.913829472
ALV,100180.71,102097.13,51,1916.42,1.912963084
IFS,150992.94,153878.63,76,2885.69,1.911142336
HWC,67071.48,68350.3,34,1278.82,1.906652425
OVBC,146929.15,149725.99,74,2796.84,1.903529694
OBT,41640.06,42431.47,21,791.41,1.900597646
FFIV,111364.24,113479.42,58,2115.18,1.899335011
STM,85159.96,86776.34,43,1616.38,1.89805162
EVOJW,25997.77,26489.09,13,491.32,1.889854399
DSKE,65897.99,67140.64,33,1242.65,1.885717607
SAMG,163433.32,166504.73,82,3071.41,1.879304661
DDS,73104.32,74475.68,39,1371.36,1.875894612
TXN,94233.83,96001.27,49,1767.44,1.87558969
FCFS,58798.86,59900.31,30,1101.45,1.873250604
BSRR,117373.61,119565.26,59,2191.65,1.86724256
BCBP,81740.84,83262.49,41,1521.65,1.861554151
BAM,31628.39,32216.41,16,588.02,1.859152489
OLLI,139896.57,142496.3,71,2599.73,1.858322902
FDBC,130557.26,132978.03,66,2420.77,1.854182602
NTZ,87804.99,89429.42,44,1624.43,1.850042919
TOL,72922.99,74269.54,37,1346.55,1.846537011
DCI,96883.8,98665.42,49,1781.62,1.838924567
GEF-B,154058.24,156889.91,78,2831.67,1.838051636
CWK,109517.91,111528.97,55,2011.06,1.836284129
LSXMK,39547.07,40273.16,20,726.09,1.836014653
EHC,106329.4,108279.25,54,1949.85,1.833782566
NVS,54670.95,55673.06,28,1002.11,1.832984428
KOP,85366.25,86929.26,43,1563.01,1.830946071
ALLE,107018.46,108977.5,55,1959.04,1.83056269
RL,74254.57,75613.24,38,1358.67,1.829745967
NFBK,33864.75,34483.18,17,618.43,1.826176186
LND,143811.84,146433.81,72,2621.97,1.823194808
FTDR,142591.13,145187.71,72,2596.58,1.82099686
MCB,70702.78,71989.97,36,1287.19,1.820564906
MU,98743.78,100540.09,50,1796.31,1.819162685
CLBT,71896.51,73201.8,36,1305.29,1.815512325
OMC,109994.73,111989.17,56,1994.44,1.813214142
MCBC,31922.06,32498.56,16,576.5,1.805961144
BSET,105470.38,107371.39,53,1901.01,1.802411255
ROL,101193.88,103012.8,51,1818.92,1.797460479
GMS,47457.45,48309.89,24,852.44,1.796219561
WDFC,98193.7,99955.7,52,1762,1.794412472
BANR,96698.94,98425.42,49,1726.48,1.78541771
CSTR,83711.62,85202.31,42,1490.69,1.780744418
HUN,65554.83,66719.33,33,1164.5,1.776375593
RCLFW,39995.69,40705.16,20,709.47,1.773866134
CZNC,31735.79,32298.58,16,562.79,1.773360613
EA,77666.79,79040.73,40,1373.94,1.76901865
CADE,47612.28,48449.72,24,837.44,1.758873971
AVT,57433.18,58440.72,29,1007.54,1.754282107
TIPT,39882.04,40578.86,20,696.82,1.7472025
MAR,38372,39038.61,20,666.61,1.737230272
ESNT,81061.67,82468.64,41,1406.97,1.735678527
NX,65585.77,66722.11,33,1136.34,1.732601447
UBCP,101625.33,103381.68,51,1756.35,1.728260071
DOOR,80043.35,81425.16,41,1381.81,1.726327047
AMBC,51863.68,52757.75,26,894.07,1.723884614
MRK,63055.41,64140.87,32,1085.46,1.721438335
FULT,53791.18,54716.96,27,925.78,1.721062821
CBU,96444.69,98102.12,49,1657.43,1.718529035
TRV,28644.9,29136.9,15,492,1.717583235
GCO,98653.4,100347.1,50,1693.7,1.71681868
MO,69174.03,70358.57,35,1184.54,1.712405653
NOA,41856.69,42573.05,21,716.36,1.71145879
BOTJ,111658.84,113563.18,56,1904.34,1.705498642
CPB,61323.31,62362.75,31,1039.44,1.695016137
PROCW,35994.04,36604.09,18,610.05,1.694863927
PKE,111609.86,113499.73,56,1889.87,1.693282296
FFWM,117450.32,119437.2,59,1986.88,1.691676958
EGBN,142552.86,144958.63,72,2405.77,1.687633626
JNJ,53715.59,54619.32,28,903.73,1.682435211
YALA,77918.74,79226.37,39,1307.63,1.678197055
MTB,46118.64,46891.25,24,772.61,1.675266226
MBIN,101444.52,103143.8,51,1699.28,1.67508309
HNNA,131691.16,133895.94,66,2204.78,1.674205011
NAPA,75630.31,76889.38,38,1259.07,1.664769059
TD,49143.83,49959.96,25,816.13,1.660696775
NRC,126358.39,128455.93,64,2097.54,1.659992661
DRVN,83485.85,84871.14,42,1385.29,1.659311129
DRI,50375.86,51211.25,26,835.39,1.658314121
UVSP,49642.21,50464.14,25,821.93,1.655707915
IMTX,57874.75,58832.87,29,958.12,1.655506071
VSH,103521.06,105232.56,52,1711.5,1.65328678
EPSN,117855.69,119799.62,59,1943.93,1.649415484
OCUP,75948.03,77199.13,38,1251.1,1.647310668
CAT,74076.28,75295.73,39,1219.45,1.646208476
IBCP,123394.48,125423.71,62,2029.23,1.644506302
SWKS,158340.42,160941.3,82,2600.88,1.642587534
UTMD,117339.22,119249.83,60,1910.61,1.628279104
EDUC,217572.96,221108.64,109,3535.68,1.625054878
TPB,133000.4,135161.56,67,2161.16,1.624927444
SIG,74785.23,75995.86,38,1210.63,1.618808955
AMCR,75815.87,77041.53,38,1225.66,1.616627231
SMP,124690.39,126704.93,63,2014.54,1.615633731
CCZ,33449.84,33989.76,17,539.92,1.614118334
AMSF,90654.54,92113.86,46,1459.32,1.609759423
CCOI,102121.3,103764.98,52,1643.68,1.609536894
IRMD,158872.89,161427.19,80,2554.3,1.607763288
JPM,93171.01,94664.67,48,1493.66,1.603138144
REX,55249.05,56133.56,28,884.51,1.600950605
FFIN,118823.77,120725.65,60,1901.88,1.600588838
CL,49032.04,49815.16,25,783.12,1.597159735
RPRX,71219.73,72356.78,36,1137.05,1.596537926
ATLO,89458.73,90886.25,45,1427.52,1.595730232
USB,98963.39,100539.92,50,1576.53,1.59304365
TRS,47693.21,48449.58,24,756.37,1.585907092
MCO,44576.76,45283.11,24,706.35,1.584570076
VSCO,67309.47,68368.51,34,1059.04,1.573389302
OGN,55544.52,56415.7,28,871.18,1.568435554
CENT,94945.3,96415.05,48,1469.75,1.547996583
NWFL,33804.74,34326.58,17,521.84,1.543688844
KOF,91106.06,92496.33,46,1390.27,1.525990697
NVEC,145616.64,147838.51,74,2221.87,1.525835234
UBOH,145069.83,147280.34,73,2210.51,1.523755835
CABO,79395.21,80603.47,53,1208.26,1.521829843
TCS,129683.15,131651.89,65,1968.74,1.518115499
CAL,57698.84,58573.02,29,874.18,1.515073787
LSTR,98476.78,99967.42,51,1490.64,1.513696934
LBC,41876.93,42510.75,21,633.82,1.513530242
ORRF,111490.38,113172.59,56,1682.21,1.5088387
FNV,52052.47,52837.24,27,784.77,1.507651798
WASH,93184.67,94576.13,47,1391.46,1.493228446
WTBA,51631.61,52402.15,26,770.54,1.492380346
TOWN,85509.43,86784.66,43,1275.23,1.491332593
JRSH,113846.21,115542.42,57,1696.21,1.489913454
DFH,119510.46,121286.31,60,1775.85,1.485936879
BRC,106707.94,108289.35,54,1581.41,1.481998434
WSO,109159.31,110769.9,58,1610.59,1.475449048
FBP,39860.86,40447.85,20,586.99,1.47259743
AX,79315.73,80479.05,40,1163.32,1.466695194
MBWM,83466.64,84688.36,42,1221.72,1.463722512
SFBS,47462.72,48152.38,24,689.66,1.453056209
TMHC,55588.94,56383.26,28,794.32,1.428917335
CNHI,45845.22,46499.52,23,654.3,1.4271935
FIGS,93710.4,95047.58,47,1337.18,1.426928068
AFGC,45678.69,46329.83,23,651.14,1.425478708
RELX,77557.5,78657.58,39,1100.08,1.418405699
CTSH,98561.78,99954.12,50,1392.34,1.412657117
COFS,83470.42,84649.14,42,1178.72,1.412140972
URBN,97458.57,98827.88,49,1369.31,1.405017537
BABA,153985.22,156147.81,80,2162.59,1.404414008
REYN,61560.16,62421.79,31,861.63,1.399655232
WB,235540.21,238836.94,119,3296.73,1.39964637
INGR,80460.19,81585.78,41,1125.59,1.398940271
FOXA,132970.48,134829.75,67,1859.27,1.398257719
INVA,145488.25,147522.53,73,2034.28,1.398243501
ARKOW,31984.46,32427.74,16,443.28,1.385923039
PYPL,82284.28,83419.99,42,1135.71,1.380227183
CATC,96408.85,97729.75,49,1320.9,1.370102434
COLM,80134.04,81229.66,41,1095.62,1.367234199
LYB,93891.97,95174.72,48,1282.75,1.36619777
CFB,53789.99,54524.6,27,734.61,1.365700198
SCVL,184957.42,187481.06,93,2523.64,1.364443773
ZGN,37904.12,38420.33,19,516.21,1.361883616
FOX,126967.17,128696.3,64,1729.13,1.361871734
CNOB,51604.11,52303.6,26,699.49,1.355492809
ONON,79541.36,80619.24,40,1077.88,1.355118897
VAC,34664.88,35134.32,18,469.44,1.354223641
MS,33061.98,33509.06,17,447.08,1.352248111
CLX,82847.07,83964.79,43,1117.72,1.349136427
DIN,135354.21,137167.73,69,1813.52,1.339832725
AUBN,128646.34,130368.81,65,1722.47,1.338918775
GIII,59670.76,60463.78,30,793.02,1.328992626
ABCL,183021.59,185451.51,92,2429.92,1.327668501
SGU,73843.5,74822.59,37,979.09,1.325898691
CRC,51550.38,52232.72,26,682.34,1.323637188
SWBI,103596.06,104963.65,52,1367.59,1.320117773
LYG,65967.13,66836.03,33,868.9,1.317171143
SIRI,97848.71,99128.06,49,1279.35,1.307477636
CRI,107530.37,108933.07,55,1402.7,1.304468682
CME,64672.81,65516.4,34,843.59,1.304396701
ATR,79714.61,80752.67,41,1038.06,1.302220509
RRR,53404.41,54094.99,27,690.58,1.293114183
FINW,49863.6,50506.98,25,643.38,1.290279884
INN,41910.96,42450.22,21,539.26,1.286680143
BWB,51735.02,52399.98,26,664.96,1.285318919
NYT,97061.24,98298.07,49,1236.83,1.274277971
GCMG,63833.69,64642.11,32,808.42,1.266447232
CVCY,125491.39,127077.41,63,1586.02,1.263847663
KAI,56763.24,57478.89,30,715.65,1.260763128
BECN,39373.21,39869.38,20,496.17,1.260171574
ITRN,155216.28,157171.7,78,1955.42,1.259803418
IRWD,103705.63,105010.78,52,1305.15,1.258514123
ITIC,149624.58,151506.17,78,1881.59,1.257540706
FRC,42110.88,42640.05,22,529.17,1.256611118
FBMS,81491.59,82510.77,41,1019.18,1.250656663
TFC,61127.68,61888.1,31,760.42,1.243986358
CHMG,128829.82,130428.46,65,1598.64,1.240892831
FMNB,99668.07,100903.72,50,1235.65,1.239765152
GILD,86505.22,87571.25,44,1066.03,1.232330257
PKG,61714.53,62472.12,32,757.59,1.22757153
ALX,78015.73,78970.47,42,954.74,1.223778846
CRH,55397.94,56072.03,28,674.09,1.216814199
GLBS,149886.06,151687.14,75,1801.08,1.20163276
WU,111474.86,112809.33,56,1334.47,1.197103993
PFHD,69727.84,70562.23,35,834.39,1.196638244
BRKL,47855.91,48420.95,24,565.04,1.180711014
SAIA,62804.05,63545.25,33,741.2,1.180178667
CATY,25715.89,26017.83,13,301.94,1.174137858
ABEV,183849.99,185992.36,92,2142.37,1.165281543
VMW,84966.87,85951.91,44,985.04,1.159322451
JBHT,22922.79,23188.5,12,265.71,1.159152093
HLF,164368.88,166264.86,83,1895.98,1.153490855
JOUT,146955.42,148644.91,75,1689.49,1.149661578
ACEL,79783.5,80700.51,40,917.01,1.149372991
LU,193631.9,195813.05,97,2181.15,1.126441459
CYAN,65958.06,66692.75,33,734.69,1.113874483
OXM,68727.72,69472.03,35,744.31,1.082983693
SGHC,105862.02,107002.08,53,1140.06,1.07693014
CMCSA,63261.07,63939.98,32,678.91,1.073187665
KTB,136577.17,138040.2,69,1463.03,1.071211243
FDX,89236.18,90191.02,47,954.84,1.070014427
PCH,55266.85,55855.77,28,588.92,1.06559357
FHB,55643.91,56234.61,28,590.7,1.061571698
CRWS,49917.99,50447.72,25,529.73,1.061200581
CONN,135426.03,136862.33,68,1436.3,1.060578974
BIG,196419.61,198502.61,99,2083,1.060484745
ABT,32924.96,33269.07,17,344.11,1.045134147
PNC,53799.49,54360.47,28,560.98,1.042723639
EBMT,77627.38,78429.52,39,802.14,1.033320975
WF,43657.62,44108.18,22,450.56,1.032030605
BFST,59628.75,60242.44,30,613.69,1.029184747
TLYS,89799.69,90720.66,45,920.97,1.025582605
IPGP,128915.59,130233.35,67,1317.76,1.02218824
CMA,58758.01,59343.73,30,585.72,0.996834304
BMRC,111136.84,112244.67,56,1107.83,0.996816177
DHR,35750.35,36104.05,19,353.7,0.989360943
PSA-PG,37825.65,38192.94,19,367.29,0.971007769
WY,47553.02,48013.41,24,460.39,0.968161433
IGIC,113796.22,114893.5,57,1097.28,0.964249955
OPFI,141840.47,143206.54,71,1366.07,0.963103126
ZIONP,53781.23,54297.88,27,516.65,0.960651142
CGNX,76700.31,77429.36,39,729.05,0.950517671
SUZ,81805.31,82576.63,41,771.32,0.942872779
ITOS,69518.71,70173.5,35,654.79,0.94189032
UNMA,17853.63,18021.39,9,167.76,0.939640846
HIW,47581.78,48025.96,24,444.18,0.933508582
FHN-PF,23838.52,24060.76,12,222.24,0.932272641
BIPC,64936.01,65540.83,33,604.82,0.931409244
MNDO,91943.36,92795.48,46,852.12,0.92678797
FUN,57233.69,57761.17,29,527.48,0.921625008
BEN,105271.44,106232.27,53,960.83,0.912716687
LPRO,145199.52,146520.4,73,1320.88,0.909699977
WABC,74879.91,75558.68,38,678.77,0.906478119
HELE,94259.74,95112.36,49,852.62,0.904543127
ATUS,161384.88,162841.93,81,1457.05,0.902841704
RCI,83180,83925.12,42,745.12,0.895792258
EXP,36680.05,37006.2,19,326.15,0.889175451
SXT,51030.22,51482.29,26,452.07,0.885886833
GSL,57697.7,58207.07,29,509.37,0.882825485
TKC,151808.83,153142.8,76,1333.97,0.878717002
HSII,65459.19,66032.16,33,572.97,0.875308723
OPHC,41964.39,42325.14,21,360.75,0.859657438
VFC,128079.81,129160.78,65,1080.97,0.843981577
USNA,149185.85,150442.58,76,1256.73,0.842392224
PINC,61477.99,61983.28,31,505.29,0.821903904
SITE,96186.95,96977.19,50,790.24,0.821566751
TRST,21803.05,21981.79,11,178.74,0.819793561
CM,72684.79,73264.63,37,579.84,0.797745993
AMX,33836.54,34106.11,17,269.57,0.796683112
MMM,92117.45,92850.09,48,732.64,0.79533248
ABNB,65948.08,66447.93,34,499.85,0.757944735
B,37611.57,37896.36,19,284.79,0.757187217
DLTH,109682.6,110511.55,55,828.95,0.755771654
FCCO,103567.99,104348.67,52,780.68,0.753785026
TWND-UN,13976.72,14081.48,7,104.76,0.749532079
ALRS,119312.06,120205.71,60,893.65,0.749002238
PROV,83648.79,84274.65,42,625.86,0.748199705
PAHC,127254.08,128191.95,64,937.87,0.737005839
BZH,65747.43,66225.55,33,478.12,0.727207132
C,65153.67,65625.77,33,472.1,0.724594639
LC,83678,84265.98,42,587.98,0.702669758
UL,61159.41,61574.29,31,414.88,0.678358408
AEPPZ,13777.65,13870.92,7,93.27,0.676965956
GPN,42917.32,43207.57,22,290.25,0.676300384
FONR,87592.71,88180.51,44,587.8,0.671060411
TRP,27582.33,27764.44,14,182.11,0.660241539
JPM-PC,21854.57,21995.54,11,140.97,0.645036713
SBGI,53724.37,54068.29,27,343.92,0.640156413
GHLD,95726.79,96326.6,48,599.81,0.626585306
CHT,21820.3,21956.72,11,136.42,0.625197637
USB-PH,43746.91,44013.69,22,266.78,0.609825928
CPF,59638.35,60000.77,30,362.42,0.607696222
PLTK,117473.09,118182.22,59,709.13,0.603653143
KWAC,3999.5,4023.59,2,24.09,0.602325291
WRK,41564.94,41812.96,21,248.02,0.596704819
OCFCP,11935.15,12004.4,6,69.25,0.580218933
AKO-A,169528.68,170496.71,85,968.03,0.571012527
AVGO,34656.69,34853.21,20,196.52,0.567047805
JRVR,45769.68,46028.1,23,258.42,0.564609584
PEBK,23871.27,23995.23,12,123.96,0.519285317
FUSB,75846.62,76234.18,38,387.56,0.510978604
AKO-B,189314.73,190258.85,95,944.12,0.498703931
CHSCP,19885.63,19984.66,10,99.03,0.4979978
SFBC,31758.51,31911.55,16,153.04,0.481886587
TIXT,79431.51,79804,40,372.49,0.468944881
GURE,51942.09,52179.68,26,237.59,0.457413246
EQH,39664.89,39839.97,20,175.08,0.441397921
CNM,49675.18,49878.67,25,203.49,0.409641193
FOR,45807.21,45980.85,23,173.64,0.379066963
FXNC,43837.98,43998.47,22,160.49,0.366098073
OSIS,27352.36,27452.42,14,100.06,0.365818525
CVLY,35807.88,35934.23,18,126.35,0.352855293
TANNZ,1992.38,1999.33,1,6.95,0.348829039
ASTL,57904.98,58101.85,29,196.87,0.339988029
CPAC,87866.21,88158.98,44,292.77,0.333199759
PSA-PH,23834.12,23913.41,12,79.29,0.332674334
SBNY,64567.52,64775.46,34,207.94,0.322050467
STZ,22962.77,23032.91,12,70.14,0.305450954
PTRS,67872.38,68079.1,34,206.72,0.304571609
TANH,113889.75,114235.22,57,345.47,0.303337219
CTBI,15850.33,15896.15,8,45.82,0.289079155
MXL,78921.73,79133.75,40,212.02,0.26864591
MHK,56117.48,56267.28,29,149.8,0.266939998
BEPC,35613.85,35701.05,18,87.2,0.244848563
SAL,71458.16,71619.34,36,161.18,0.225558565
HBAN,35853.81,35932.98,18,79.17,0.220813353
SKM,49603.63,49711.24,25,107.61,0.216939768
ET-PC,13920.88,13950.77,7,29.89,0.214713438
UMBF,47067.09,47147.48,24,80.39,0.170798747
WDC,59417.2,59518.63,30,101.43,0.170708145
FHN-PE,11906.6,11926.72,6,20.12,0.168981909
HYW,65887.63,65994.1,33,106.47,0.161593307
ZM,129104.17,129298.24,68,194.07,0.150320474
TEL,38786.11,38840.46,20,54.35,0.140127484
FISI,47700.57,47765.6,24,65.03,0.136329608
EVRI,55731.76,55801.96,28,70.2,0.125960494
ET-PE,15921.63,15939.38,8,17.75,0.11148356
JPM-PJ,35820.62,35832.38,18,11.76,0.032830253
BWFG,19814.61,19820.14,10,5.53,0.0279087
ARC,117932.23,117957.24,59,25.01,0.021207095
AROW,85374.77,85344.14,43,-30.63,-0.03587711
SBAC,35191.38,35171.55,19,-19.83,-0.056349026
BY,25789.53,25774.93,13,-14.6,-0.056612121
TCBX,25828.4,25811.17,13,-17.23,-0.066709514
VZ,61176.39,61110.33,31,-66.06,-0.107982835
GROW,51943.72,51838.63,26,-105.09,-0.202315121
CHTR,63038.05,62904.96,36,-133.09,-0.211126455
LOB,73191.32,73036.2,37,-155.12,-0.2119377
BMO,29096.29,29032.8,15,-63.49,-0.218206514
LYV,46816.27,46711.6,24,-104.67,-0.22357612
MBINP,15852.85,15817.21,8,-35.64,-0.22481762
FCBC,39717.97,39612.87,20,-105.1,-0.264615739
PNBK,29910.84,29830.66,15,-80.18,-0.268063351
BKU,39585.06,39474.51,20,-110.55,-0.279272028
SNFCA,27939,27859.73,14,-79.27,-0.283725259
BDXB,5924.7,5907.07,3,-17.63,-0.297567809
PSA-PI,37737.76,37624.22,19,-113.54,-0.300865764
SCHW-PJ,23857.11,23783.96,12,-73.15,-0.306617189
FITB,39645.97,39521.86,20,-124.11,-0.313045689
BNS,37323.99,37206.17,19,-117.82,-0.315668287
BPRN,11897.5,11859.51,6,-37.99,-0.31931078
QIWI,49892.02,49726.4,25,-165.62,-0.331956894
PSA-PL,31793.91,31684.71,16,-109.2,-0.343462003
EQH-PC,25889.65,25794.17,13,-95.48,-0.368796025
PEBO,21853.96,21772.23,11,-81.73,-0.373982564
PSB-PZ,31879.95,31760.31,16,-119.64,-0.375282897
ALLY,49547.87,49340.21,25,-207.66,-0.419109843
LAMR,41056.73,40864.56,21,-192.17,-0.468059682
PAYA,27950.81,27806.94,14,-143.87,-0.514725691
FULTP,25849.57,25711.83,13,-137.74,-0.532852191
COF-PK,31844.33,31673.66,16,-170.67,-0.535950984
MRBK,23884.63,23746.33,12,-138.3,-0.579033462
SYNA,85162.88,84658.79,44,-504.09,-0.591912815
CFG-PE,27853.25,27685.66,14,-167.59,-0.60168921
ATLCP,21881.73,21749.54,11,-132.19,-0.604111284
WEN,25881.46,25706.91,13,-174.55,-0.674420995
BAC,41693.92,41412.68,21,-281.24,-0.6745348
PSA-PM,33853.66,33624.4,17,-229.26,-0.677208904
AMSWA,47809.17,47464.23,24,-344.94,-0.721493387
BML-PJ,19894.59,19731.35,10,-163.24,-0.820524575
COF-PL,31806.79,31529.49,16,-277.3,-0.871826424
FITBO,29818.67,29555.85,15,-262.82,-0.881394106
GS-PA,27848.67,27602.92,14,-245.75,-0.882447887
CHSCL,13921.52,13797.41,7,-124.11,-0.89149748
HTBI,21836.52,21640.97,11,-195.55,-0.89551815
BAC-PN,29824.17,29532.51,15,-291.66,-0.977931657
EFSCP,37820.19,37444.26,19,-375.93,-0.993992891
ASB-PF,27827.3,27550.02,14,-277.28,-0.996431562
SCHW-PD,17899.39,17717.39,9,-182,-1.016794427
VOD,35865.71,35499.81,18,-365.9,-1.020194498
CFG-PD,17858.47,17675.51,9,-182.96,-1.024499859
BAC-PM,23851.2,23606.39,12,-244.81,-1.02640538
AFGB,23831.6,23586.31,12,-245.29,-1.029263667
FFIC,25839.62,25568.68,13,-270.94,-1.048544832
BML-PL,21904.69,21673.73,11,-230.96,-1.05438607
NSS,5949.81,5886.28,3,-63.53,-1.067765189
WFC-PZ,25846.64,25562.52,13,-284.12,-1.099253133
EQH-PA,27812.61,27506.2,14,-306.41,-1.101694519
GLOG-PA,9926.66,9814.52,5,-112.14,-1.129685111
JPM-PL,23879.28,23608.96,12,-270.32,-1.132027431
AFGE,33833.5,33448.68,17,-384.82,-1.137393412
UBFO,17969.28,17764.57,9,-204.71,-1.13922205
AFGD,25832.74,25535.25,13,-297.49,-1.151600643
WFC-PA,27826.61,27504.92,14,-321.69,-1.156051707
USB-PQ,35873.43,35454.66,18,-418.77,-1.167354223
CAC,23724.33,23447.14,12,-277.19,-1.168378622
MET-PF,27894.94,27568.43,14,-326.51,-1.170499022
SYF-PA,35847.07,35423.98,18,-423.09,-1.180263826
MBINO,31848.49,31462.35,16,-386.14,-1.212427968
FCNCO,17874.75,17655.55,9,-219.2,-1.226310857
HBANM,13909.67,13737.32,7,-172.35,-1.23906606
JPM-PM,25918.88,25597.05,13,-321.83,-1.241681739
COF-PN,31845.99,31446.29,16,-399.7,-1.255103076
BAC-PP,27826.36,27473.34,14,-353.02,-1.268653176
BAC-PK,11922.76,11766.47,6,-156.29,-1.310854198
BAC-PO,27860.84,27477.48,14,-383.36,-1.375981485
BOH-PA,23858.47,23529.83,12,-328.64,-1.377456308
USB-PP,27834.34,27442.63,14,-391.71,-1.407290419
MS-PA,21871.89,21559.11,11,-312.78,-1.430054741
AVAL,49966.18,49251.03,25,-715.15,-1.43126811
TFC-PR,23892.39,23548.49,12,-343.9,-1.439370444
GS-PD,23847.2,23494.4,12,-352.8,-1.479418967
BAC-PE,21891.04,21560.89,11,-330.15,-1.50815128
BML-PH,15934.55,15693.48,8,-241.07,-1.512876109
TWO-PA,19887.66,19578.48,10,-309.18,-1.55463237
BAC-PL,14587.85,14354.39,11,-233.46,-1.600372913
TVC,11894.58,11697.54,6,-197.04,-1.656552816
SNRHW,63995.37,62925.07,32,-1070.3,-1.672464742
TBCPW,47993.92,47184.64,24,-809.28,-1.686213587
ALTUU,1993.71,1958.82,1,-34.89,-1.750003762
NRUC,13892.37,13647.78,7,-244.59,-1.760606722
HWCPZ,19875.08,19514.17,10,-360.91,-1.815892062
BML-PG,17911.33,17584.66,9,-326.67,-1.823817662
BFIN,13978.39,13720.17,7,-258.22,-1.84727998
BAC-PB,7930.16,7783.52,4,-146.64,-1.849143019
CCNEP,5950.9,5837.83,3,-113.07,-1.900048732
DCOMP,27869.76,27337.91,14,-531.85,-1.908340797
MS-PK,17928.31,17585.22,9,-343.09,-1.913677307
ASB-PE,17904.5,17559.02,9,-345.48,-1.929570778
DDT,11939.13,11703.4,6,-235.73,-1.974431973
MS-PE,5954.19,5829.96,3,-124.23,-2.086429892
C-PK,7935.9,7755.07,4,-180.83,-2.278632543
CHSCN,9942.39,9710.36,5,-232.03,-2.333744703
CHSCM,13917.27,13582.02,7,-335.25,-2.408877603
MBNKP,5940.88,5794.98,3,-145.9,-2.455865124
AUBAP,9946.36,9696.31,5,-250.05,-2.513985016
LBRDP,15895.35,15489.06,8,-406.29,-2.556030537
C-PJ,7928.69,7707.57,4,-221.12,-2.788859194
GS-PJ,5946.21,5771.58,3,-174.63,-2.936828669
MS-PI,7949.2,7709.39,4,-239.81,-3.016781563
MS-PF,5952.15,5770.62,3,-181.53,-3.049822333
OTTW,7957.5,7698.15,4,-259.35,-3.259189444
SBNYP,15887.48,15367.26,8,-520.22,-3.274402234
PMVC,1997.52,1930.43,1,-67.09,-3.358664744
GAINN,5958.99,5716.12,3,-242.87,-4.075690679
CUBI-PF,1988.53,1898.77,1,-89.76,-4.513887143
ZIONL,1980.08,1885.63,1,-94.45,-4.770009293
NVR,0,0,58,0,
